, 36 months, 60 months,A,B,C,D,E,F,G,A1,A2,A3,A4,A5,B1,B2,B3,B4,B5,C1,C2,C3,C4,C5,D1,D2,D3,D4,D5,E1,E2,E3,E4,E5,F1,F2,F3,F4,F5,G1,G2,G3,G4,G5,1 year,10+ years,2 years,3 years,4 years,5 years,6 years,7 years,8 years,9 years,< 1 year,nan,ANY,MORTGAGE,OWN,RENT,Business,Car financing,Credit card refinancing,Debt consolidation,Green loan,Home buying,Home improvement,Major purchase,Medical expenses,Moving and relocation,Other,Vacation,loan_amnt,int_rate,installment,annual_inc,inq_last_6mths,revol_bal,total_pymnt,total_rec_late_fee,last_pymnt_amnt,acc_open_past_24mths,delinq_amnt,tax_liens,tot_hi_cred_lim,total_bal_ex_mort,total_bc_limit,total_il_high_credit_limit,total_il_high_credit_limit
0,-0.0203922526043636,-0.018711420653921174,0.0,0.06481226983608585,0.0,0.0,0.0,0.0,0.0,0.0,0.0,0.0,0.0,0.0,0.0,0.0,0.0,0.0,0.03326347293815207,0.0,0.0,0.0,0.0,0.0,0.0,0.0,0.0,0.0,0.0,0.0,0.0,0.0,0.0,0.0,0.0,0.0,0.0,0.0,0.0,0.0,0.0,0.0,0.0,0.0,0.0,0.0,0.0,0.0,0.0,0.0,0.0,0.0,0.0,0.0,0.0,0.0,0.0,0.0,0.0,0.0,0.0,0.0,0.0,0.0,0.0,0.0,0.0,0.0,0.0,0.0,0.0,0.0,0.013354331551031717,-0.10947604283214651,0.027399551524261573,0.0,0.0,0.0,-0.4228115809199546,0.0,0.028297945386896367,0.0,0.0,0.0,-0.010679435088100153,0.0,0.02521066623813467,-0.01026750537607618,0.0
1,0.0,0.0,0.2109523701095267,0.0,0.0,0.0,0.0,0.0,0.0,0.0,0.0,0.034019664426875075,0.0,0.0,0.0,0.0,0.0,0.0,0.0,0.0,0.0,0.0,0.0,0.0,0.0,0.0,0.0,0.0,0.0,0.0,0.0,0.0,0.0,0.0,0.0,0.0,0.0,0.0,0.0,0.0,0.0,0.0,0.0,0.0,-0.010512423464906957,0.0,0.0,0.0,0.0,0.0,0.0,0.0,0.0,0.0,0.0,0.0,0.0,0.0,0.0,0.011637855067110119,0.0,0.0,0.016771790719960232,0.0,0.0,0.0,0.0,0.0,0.0,0.0,0.0,0.0,-0.062081947451021136,0.06000962074910862,-0.02527888888271502,-0.021029492845885102,0.0,0.007332997751135564,0.21461410237353093,0.0,-0.03476816190975391,0.006885319969523018,0.0,0.0,0.0,0.0,-0.008552806612488084,0.0,0.0
2,0.0,0.0,0.0,0.0,-0.019139468396023946,0.0,0.0,0.0,0.0,0.0,0.0,0.0,0.0,0.0,0.0,0.0,0.0,0.0,0.0,0.0,0.0,-0.024195279362147326,0.0,0.0,0.0,0.0,0.0,0.0,0.0,0.0,0.0,0.0,0.0,0.0,0.0,0.0,0.0,0.0,0.0,0.0,0.0,0.0,0.0,0.0,0.0,0.0,0.0,0.0,0.0,0.0,0.0,0.0,0.0,0.0,0.0,-0.018386130366274064,0.0,-0.006775454886006879,0.0,0.0,0.0,0.0,0.0,0.002977042116268154,0.0,0.0,0.0,0.0,-0.0074656505446478415,0.0,0.0,0.0,0.012366846909112238,-0.0028399920436133885,0.0261864022430349,-0.024383766480990554,-0.008986974285999358,-0.038906502821981374,0.07957141346498973,0.0,-0.07342310221138727,0.010942796493487795,0.0,0.0,0.010186990280485081,0.007887541616950704,-0.0015014333048386508,0.005730023570995592,-0.0031786353247468258
3,0.0,0.0,0.0,0.0,0.0,0.0,0.0,0.0,0.0,0.0,0.0,0.0,0.0,0.0,0.0,0.0,0.0,0.0,0.0,0.0,0.0,0.0,0.0,0.0,0.0,0.0,0.0,0.0,0.0,0.0,0.0,0.0,0.0,0.0,0.0,0.0,0.0,0.0,0.0,0.0,0.0,0.0,0.0,0.0,0.0,0.0,0.0,0.0,0.0,0.0,0.0,0.0,0.0,0.0,0.0,0.0,0.0,0.0,0.0,0.0,0.0,0.0,0.0,0.0,0.0,0.0,0.0,0.0,0.0,0.0,0.0,0.0,0.022618481832206855,-0.031589665638052405,0.0534064707960627,0.0,-0.011093334339200622,0.009973871106461862,-0.4726524059136648,0.0,0.03600324882285311,0.0,0.0,0.0,0.0,0.0,0.0,0.0,0.0
4,0.0,0.0,0.0,0.0,0.0,-0.1434446478036353,0.0,0.0,0.0,0.0,0.0,0.0,0.0,0.0,0.0,0.0,0.0,0.0,0.0,0.0,0.0,0.0,0.0,0.0,0.0,0.0,0.0,-0.007144381766437564,0.0,0.0,0.0,0.0,0.0,0.0,0.0,0.0,0.0,0.0,0.0,0.0,0.0,0.0,0.0,0.0,0.0,0.0,0.0,0.0,0.0,0.0,0.0,0.0,0.0,0.0,0.0,-0.018778559900301677,0.0,-0.010554513037763337,0.0,0.0,0.0,0.0,0.0,-0.009120330669921644,0.0,0.0,0.0,0.0,0.0,0.0,-0.011453439076741675,0.0,-0.03950522222599234,0.03609983316072566,-0.010135020307101828,-0.006730402638815873,-0.00966345678915163,-0.007979332943658591,0.20866387629378066,0.0,-0.016798518747381433,0.0,0.0,0.0,-0.022188027711667307,0.008789989245542546,-0.0039828345797301365,0.0,-0.002741677168415141
5,0.0,0.0,0.0,0.0,0.0,-0.0609826109774676,0.0,0.0,0.0,0.0,0.0,0.0,0.0,0.0,0.0,0.0,0.0,0.0,0.0,0.0,0.0,0.0,0.0,0.0,0.0,0.0,0.0,0.0,-0.0554502278295298,0.0,0.0,0.0,0.0,0.0,0.0,0.0,0.0,0.0,0.0,0.0,0.0,0.0,0.0,0.0,0.0,0.0,0.0,-0.007596421198728054,0.0,0.0,0.0,0.0,0.0,0.0,0.0,0.0,0.0,0.0,0.0,0.0,0.0,0.0,0.0,0.0,0.0,0.0,0.0,0.0,0.0,0.0,0.0,0.0,-0.035581645560259056,0.0,-0.010501817760088017,-0.02179030910112567,-0.009665149805482054,0.0,-0.163478279761836,0.0,-0.03324310190627694,0.0,0.0,0.0,0.012475480659583038,-0.002409089035890294,-0.0068100482589733835,0.0,-0.004966779463926152
6,0.005209030009891091,0.0,0.0,0.09796426672898698,0.0,0.0,0.0,0.0,0.0,0.0,0.0,0.0,0.0,0.0,0.06848101815630982,0.0,0.0,0.0,0.0,0.0,0.0,0.0,0.0,0.0,0.0,0.0,0.0,0.0,0.0,0.0,0.0,0.0,0.0,0.0,0.0,0.0,0.0,0.0,0.0,0.0,0.0,0.0,0.0,0.0,0.0,0.0,0.0,0.0,0.0,0.0,0.0,0.0,0.0,0.0,0.0,0.0,0.0,0.0,0.0,0.0,0.0,0.0,0.0,0.0,0.0,0.0,0.0,0.0,0.0,0.0,0.0,0.0,0.01681246749913605,0.11002360567966879,0.06047174565745472,0.0,0.0,0.012285488162402006,0.044493142102350516,0.0,0.03323434660760975,0.0,0.0,0.0,0.004440319046286438,0.0032618598139183344,0.0026756574264900843,0.0033015528429469754,0.0040121669332151
7,0.0,0.0,0.23464115666180804,0.0,0.0,0.0,0.0,0.0,0.0,0.0,0.0,0.0,0.07358910084773718,0.0,0.0,0.0,0.0,0.0,0.0,0.0,0.0,0.0,0.0,0.0,0.0,0.0,0.0,0.0,0.0,0.0,0.0,0.0,0.0,0.0,0.0,0.0,0.0,0.0,0.0,0.0,0.0,0.0,0.0,0.0,0.0,0.0,0.0,0.0,0.0,0.0,0.0,0.0,0.0,0.0,0.0,0.0,0.0,0.003261199958586619,0.0,0.0,0.0,0.0,0.0,0.0,0.0,0.0,0.0,0.0,0.0,0.0,0.0,0.0,0.036583663845945,0.06698237543534014,0.08934851982378567,0.003818427814852421,0.0,0.01508276194796035,-0.0437496922372492,0.0,0.04719809227803384,0.0058257925712645875,0.0,0.0,-0.02698543413157567,0.007737368516844367,0.0,0.0,0.0
8,0.0,0.0,0.0,0.07455570207230813,0.0,0.0,0.0,0.0,0.0,0.0,0.0,0.0,0.0,0.0,0.0,0.0,0.0,0.0,0.03721931765636939,0.0,0.0,0.0,0.0,0.0,0.0,0.0,0.0,0.0,0.0,0.0,0.0,0.0,0.0,0.0,0.0,0.0,0.0,0.0,0.0,0.0,0.0,0.0,0.0,0.0,0.0,0.0,0.0,0.0,0.0,0.0,0.0,0.0,0.0,0.0,0.0,0.0,0.0,0.0,0.0,0.0,0.0,0.0,0.0,0.0,0.0,0.0,0.0,0.0,0.0,0.0,0.0,0.0,-0.014806441238970403,-0.11933045986803961,-0.014055266444802941,0.0,0.0,-0.008891711113712064,-0.33305756029621575,0.0,0.04438630346539692,-0.012389402639797042,0.0,0.0,0.0,0.0,0.01698454267774685,-0.017281690936950145,0.0
9,0.0,0.0,0.2555359320937185,0.0,0.0,0.0,0.0,0.0,0.0,0.0,0.0,0.02089996370938887,0.0,0.0,0.0,0.0,0.0,0.0,0.0,0.0,0.0,0.0,0.0,0.0,0.0,0.0,0.0,0.0,0.0,0.0,0.0,0.0,0.0,0.0,0.0,0.0,0.0,0.0,0.0,0.0,0.0,0.0,0.0,0.0,0.0,0.0,0.0,0.0,0.0,0.0,0.0,0.0,0.0,0.0,0.0,-0.006246551876491259,0.0,0.0,-0.015380559963771166,0.0,0.0,0.0,0.012221092936741663,0.0,0.0,0.0,0.0,0.0,0.0,0.0,0.0,0.0,-0.033769852134136476,0.0763523392596333,-0.029202015564110024,0.006650180835192615,-0.005901435396939693,-0.011348410040682601,0.1260846822691247,0.0,-0.018219170615335827,-0.016567682777718154,0.0,0.0,0.0,-0.0032237435044525226,0.007938565559255123,-0.003932955658725923,-0.008557045797357665
10,0.0,0.0,0.17020781056030915,0.0,0.0,0.0,0.0,0.0,0.0,0.0,0.0,0.0,0.0,0.0,0.0,0.0,0.0,0.0,0.0,0.0,0.0,0.0,0.0,0.0,0.0,0.0,0.0,0.0,0.0,0.0,0.0,0.0,0.0,0.0,0.0,0.0,0.0,0.0,0.0,0.0,0.0,0.0,0.0,0.0,0.0,0.0,0.0,0.0,0.0,0.0,0.0,0.0,0.0,0.0,0.0,0.0,0.0,0.0,0.0,0.0,0.0,0.0,0.0,0.0,0.0,0.0,0.0,0.0,0.0,0.0,0.0,0.0,0.01680006824125347,0.0,0.05829299836473264,0.023446475368605696,0.0,0.0,-0.36010416444240795,0.0,0.030512604177003334,0.0,0.0,0.0,0.0,0.0059388685498514455,0.02823867251398554,0.0,0.0
11,0.0,0.0,0.0,0.0,-0.027095649495130547,0.0,0.0,0.0,0.0,0.0,0.0,0.0,0.0,0.0,0.0,0.0,0.0,0.0,0.0,0.0,0.0,0.0,0.0,0.0,0.0,0.0,0.0,0.0,0.0,0.0,0.0,0.0,0.0,0.0,0.0,0.0,0.0,0.0,0.0,0.0,0.0,0.0,0.0,0.0,0.0,0.0,0.0,0.0,0.0,0.0,0.0,0.0,0.0,0.0,0.0,0.0,0.0,0.0,0.0,0.0,0.0,0.0,0.0,0.0,0.0,0.0,0.0,0.0,0.0,0.0,0.0,0.0,0.017086426779433395,-0.07617979521040541,0.053853707424679195,-0.011823724904986344,0.0,0.0,-0.35717237176430117,0.0,0.023228770077791727,-0.008564029573747522,0.0,0.0,0.0,0.0,0.0,0.0,0.0
12,-0.012244076405183421,-0.016542406819941947,0.1866461460363064,0.0,0.0,0.0,0.0,0.0,0.0,0.0,0.020075827889280123,0.0,0.0,0.0,0.0,0.0,0.0,0.0,0.0,0.0,0.0,0.0,0.0,0.0,0.0,0.0,0.0,0.0,0.0,0.0,0.0,0.0,0.0,0.0,0.0,0.0,0.0,0.0,0.0,0.0,0.0,0.0,0.0,0.0,0.0,-0.010197988409032303,0.0,0.0,0.0,0.0,0.0,0.0,0.0,0.0,0.0,0.0,0.0,0.0,0.0,0.0,0.0,0.0,0.0,0.0,0.0,0.0,0.0,0.0,0.0,0.0,0.0,0.0,0.016542848037582228,-0.09625342230406403,0.07580553027390552,0.006952989630026968,-0.005216669914313605,0.0,-0.22196142801052837,0.0,0.03017194306260232,0.005464751984924259,0.0,0.0,0.0,0.0,0.029861786369143023,-0.006117698923273841,0.0036785341692333363
13,0.0,0.0,0.0,0.0,0.0,0.0,0.00906391381456292,0.0,0.0,0.0,0.0,0.0,0.0,0.0,0.0,0.0,0.0,0.0,0.0,0.0,0.0,0.0,0.0,0.0,0.0,0.0,0.0,0.0,0.0,0.026274746318543516,0.0,0.0,0.0,0.0,0.0,0.0,0.0,0.0,0.0,0.0,0.0,0.0,0.0,0.0,0.0,0.0,0.011415609951707453,0.0,0.0,0.0,0.0,0.0,0.0,0.0,0.0,0.0,0.0,0.0,0.0,0.0,0.0,0.0,0.0,0.0,0.0,0.0,0.0,0.0,0.0,0.0,0.0,0.0,0.0,0.013990647777184053,0.020754378583494392,0.0,0.0,-0.019950285523505223,-0.030958641307496315,0.0,-0.32059398575467846,-0.010145254354739373,0.0,0.0,0.010265851922180907,-0.023466476579348514,0.010872304159995884,-0.0065830972932499066,-0.010939711714651301
14,0.0,0.0,0.0,0.0847348263988677,0.0,0.0,0.0,0.0,0.0,0.0,0.0,0.0,0.0,0.0,0.0,0.02675998852521526,0.0,0.0,0.0,0.0,0.0,0.0,0.0,0.0,0.0,0.0,0.0,0.0,0.0,0.0,0.0,0.0,0.0,0.0,0.0,0.0,0.0,0.0,0.0,0.0,0.0,0.0,0.0,0.0,0.0,0.0,0.0,0.0,0.0,0.0,0.0,0.0,0.0,0.0,0.0,0.0,0.0,0.0,0.0,0.0,0.0,0.0,0.0,0.0,0.0,0.0,0.0,0.0,0.0,0.0,0.0,0.0,0.07571114999399302,0.08671110151016906,0.13104046026357447,0.0,0.0,0.02873705632644799,-0.20205301988643032,0.0,0.09755270241109043,0.0,0.0,0.0,0.0,0.02156470666693039,0.043920527659377984,-0.014679499869235946,0.0
15,0.0,0.0,0.0,0.07369411978819457,0.0,0.0,0.0,0.0,0.0,0.0,0.0,0.0,0.0,0.0,0.0,0.0,0.0,0.0,0.02757727568158984,0.0,0.0,0.0,0.0,0.0,0.0,0.0,0.0,0.0,0.0,0.0,0.0,0.0,0.0,0.0,0.0,0.0,0.0,0.0,0.0,0.0,0.0,0.0,0.0,0.0,0.0,0.0,0.0,0.0,0.0,0.0,0.0,0.0,0.0,0.0,0.0,0.0,0.0,0.0,0.0,0.007902184320157327,0.0,0.0,0.0,0.0,0.0,0.0,0.0,0.0,0.0,0.0,-0.008999154408029453,0.0,0.015730900505736133,-0.11566691418834668,0.0468152644908148,0.0,0.0,0.0,-0.42417601056548804,0.0,0.02354369993647544,-0.017413196235989456,0.0,0.0,0.0,0.007609696064494478,0.017826503655032768,0.015176306477810098,0.003712657810881592
16,-0.016341709420133153,-0.04324445925283192,0.0,0.0,0.0,0.0,0.0,0.0,0.0,0.0,0.0,0.0,0.0,0.0,0.0,0.0,0.0,0.0,0.0,0.0,0.0,0.0,0.0,0.0,0.0,0.0,0.0,0.0,0.0,0.0,0.0,0.0,0.0,-0.0427692729689669,0.0,0.0,0.0,0.0,0.0,0.0,0.0,0.0,0.0,0.0,0.0,0.0,0.0,0.0,0.0,0.0,0.0,0.0,0.0,0.0,0.0,0.0,0.0,0.0,0.0,0.0,0.0,0.0,0.0,0.0,0.0,0.0,0.0,0.0,0.0,0.0,0.0,0.0,0.027233507009792705,-0.021336326893089057,0.06131269309185974,0.0,0.0,0.0,-0.36506362541469106,0.0,0.030274024076198627,0.0,0.0,0.0,0.0,0.01432098996654152,0.03561417980531956,0.0,0.0
17,0.0,0.0,0.0,0.024472686498171504,0.0,0.0,0.0,0.0,0.0,0.0,0.0,0.0,0.0,0.0,0.0,0.01054044924728319,0.0,0.0,0.0,0.0,0.0,0.0,0.0,0.0,0.0,0.0,0.0,0.0,0.0,0.0,0.0,0.0,0.0,0.0,0.0,0.0,0.0,0.0,0.0,0.0,0.0,0.0,0.0,0.0,0.0,-0.006029001015784581,0.0,0.0,0.0,0.0,0.0,0.0,0.0,0.0,0.0,0.0,0.0,0.0,0.0,0.0,0.0,0.0,0.0,0.0,0.0,0.0,0.0,0.0,0.0,0.0,0.0,0.0,-0.07466652411915667,-0.16967985440604252,-0.07269170964965099,0.0,0.0,0.0,0.0,0.0,-0.10278188029214695,0.0,0.0,0.0,-0.0045823487876101646,0.0,0.029549582095030114,0.0,-0.007464732903426252
18,0.0,0.0,0.0,0.11370475268571825,0.0,0.0,0.0,0.0,0.0,0.0,0.0,0.0,0.0,0.0,0.0,0.0,0.0,0.0081959728883374,0.0,0.0,0.0,0.0,0.0,0.0,0.0,0.0,0.0,0.0,0.0,0.0,0.0,0.0,0.0,0.0,0.0,0.0,0.0,0.0,0.0,0.0,0.0,0.0,0.0,0.0,0.0,0.0,0.0,0.0,0.0,0.0,0.005407255325704741,0.0,0.0,0.0,0.0,0.0,0.0,0.0,0.0,0.0,0.0,0.0,0.0,0.0,0.0,0.0,0.0,0.0,0.0,0.0,0.0,0.0,0.0,0.1141556114334103,0.05951603380110668,0.010673625829465683,0.0,0.0,0.08865859069048901,0.0,0.03219455198144568,0.0,0.0,0.0,0.0,0.004267409125141508,0.014355432115057853,0.0,0.01553743079078962
19,0.0,0.0,0.0,0.0,0.0,-0.04430131209517793,0.0,0.0,0.0,0.0,0.0,0.0,0.0,0.0,0.0,0.0,0.0,0.0,0.0,0.0,0.0,0.0,0.0,0.0,0.0,0.0,0.0,-0.016958831425806873,0.0,0.0,0.0,0.0,0.0,0.0,0.0,0.0,0.0,0.0,0.0,0.0,0.0,0.0,0.0,0.0,0.0,0.0,0.0,0.0,0.0,0.0,0.0,0.0,0.0,0.0,0.0,0.0,0.0,0.0,0.00950207875842252,0.0,0.0,0.0,0.0,0.0,0.0,0.0,0.0,0.0,0.0,0.0,0.0,0.0,0.007311536868696601,0.01978560342548386,0.018844998216281335,0.0038756351874245348,0.0,0.007330501654758272,-0.36527355543673473,0.0,0.04531874570331988,0.005225327514951913,0.0,0.0,-0.009038153058125085,0.013817459668222398,0.0,0.011226631684949973,0.0
20,0.0,0.0,0.0,0.10302031313012473,0.0,0.0,0.0,0.0,0.0,0.0,0.0,0.0,0.0,0.0,0.0,0.02493116873793658,0.0,0.0,0.0,0.0,0.0,0.0,0.0,0.0,0.0,0.0,0.0,0.0,0.0,0.0,0.0,0.0,0.0,0.0,0.0,0.0,0.0,0.0,0.0,0.0,0.0,0.0,0.0,0.0,0.0,0.0,0.0,0.0,0.0,0.0,0.0,0.0,0.0,0.0,0.0,0.0,0.0,0.009156594905773904,0.0,0.0,0.0,0.0,0.04366021729819969,-0.0031679131304159502,0.0,0.0,0.0,0.0,0.0,0.0,0.0,0.0,-0.044213633712698056,0.1116841040325028,-0.013252008708398278,-0.018556784642347335,-0.0055634276643156295,-0.004687214638687161,0.1876339655534286,0.0,-0.03553597751231963,0.0,0.0,0.0,0.008199759808598472,-0.0031905004766995433,-0.008326924492802399,-0.011052084792887051,0.005927012971672918
21,-0.012301395356292003,-0.01139297337082322,0.0,0.0,0.0,-0.07876285781976898,0.0,0.0,0.0,0.0,0.0,0.0,0.0,0.0,0.0,0.0,0.0,0.0,0.0,0.0,0.0,0.0,0.0,0.0,0.0,0.0,0.0,0.0,0.0,0.0,0.0,0.0,0.0,0.0,0.0,0.0,0.0,0.0,0.0,0.0,0.0,0.0,0.0,0.0,0.0,0.0,0.0,0.0,0.0,0.0,0.0,0.0,0.0,0.0,0.0,0.0,0.0,0.0,0.0,0.0,0.0,0.0,0.0,0.0,0.0,0.0,0.0,0.0,0.0,0.0,0.0,0.0,0.018259594727813244,0.0,0.0416660566832881,0.0,0.0,0.0,-0.376636206748453,0.0,0.01946057759625026,0.0,0.0,0.0,0.0,0.0,-0.016152441577690052,-0.01410424137498184,0.009963887240657554
22,0.0,-0.004572505828881281,0.0,0.04224079399250078,0.0,0.0,0.0,0.0,0.0,0.0,0.0,0.0,0.0,0.0,0.018064932839782125,0.0,0.0,0.0,0.0,0.0,0.0,0.0,0.0,0.0,0.0,0.0,0.0,0.0,0.0,0.0,0.0,0.0,0.0,0.0,0.0,0.0,0.0,0.0,0.0,0.0,0.0,0.0,0.0,0.0,0.0,0.0,0.0,0.0,0.0,0.0,0.0,0.0,0.0,0.0,0.0,0.0,0.0,0.0,0.0,0.0,0.0,0.0,0.0,0.0,0.0,0.0,0.0,0.0,0.0,0.0,0.0,0.0,-0.015343989235733393,-0.07240362764257147,-0.020956379790286785,0.0,0.0,0.0,-0.15642675549931154,-0.17706487972114443,-0.02630706832058355,0.0,0.0,0.0,0.0,0.0,0.032769479206229524,0.0,0.0
23,0.0,0.0,0.0,0.0,0.0,-0.06001264737260087,0.0,0.0,0.0,0.0,0.0,0.0,0.0,0.0,0.0,0.0,0.0,0.0,0.0,0.0,0.0,0.0,0.0,0.0,-0.009514834874817482,0.0,0.0,0.0,0.0,0.0,0.0,0.0,0.0,0.0,0.0,0.0,0.0,0.0,0.0,0.0,0.0,0.0,0.0,0.0,0.0,0.0,0.0,0.0,0.0,0.0,0.0,0.0,0.0,0.0,0.02206436646191766,0.0,0.0,-0.007013542199239206,0.0,0.0,0.0,0.0,0.0,0.0,0.0,0.0,0.0,0.0,0.0,0.0,0.0,0.0,-0.015868723551655473,0.019185440639403,0.005709947756496567,0.0,0.0,-0.0038510749879316075,-0.2982831613872495,0.0,0.039706333392004634,0.012935077248910465,0.0,0.0,-0.005057181125238175,0.0,0.0,0.0,0.0
24,0.0,0.0,0.0,0.03016484333340398,0.0,0.0,0.0,0.0,0.0,0.0,0.0,0.0,0.0,0.0,0.03257991986651704,0.0,0.0,0.0,0.0,0.0,0.0,0.0,0.0,0.0,0.0,0.0,0.0,0.0,0.0,0.0,0.0,0.0,0.0,0.0,0.0,0.0,0.0,0.0,0.0,0.0,0.0,0.0,0.0,0.0,0.0,0.0,0.0,0.0,0.0,0.0,0.0,0.0,0.0,0.0,0.0,0.0,0.0,0.0,0.0,0.0,0.0,0.0,0.0,0.0,0.0,0.0,0.0,0.0,0.0,0.0,0.0,0.0,-0.05250554100478601,-0.12669835716652095,-0.04891111089045458,-0.01807959815122237,0.0,0.0,-0.09093767442763984,0.0,-0.04349646536260564,-0.016886708962257913,0.0,0.0,0.0,0.0,0.01696115646958618,-0.011371813833688293,-0.0041519832036648885
25,0.0,0.0,0.0,0.0,0.0,0.0,0.0,0.0,0.0,0.0,0.0,0.0,0.0,0.0,0.0,0.0,0.0,0.0,0.0,0.0,0.0,0.0,0.0,-0.023509651705954093,0.0,0.0,0.0,0.0,0.0,0.0,0.0,0.0,0.0,0.0,0.0,0.0,0.0,0.0,0.0,0.0,0.0,0.0,0.0,0.0,0.0,0.0,0.0,0.0,0.0,0.0,0.0,0.0,0.0,0.0,0.0,0.0,0.0,0.0,0.0,0.0,0.0,0.0,0.0,0.0,0.0,0.0,0.0,0.0,0.0,0.0,0.0,0.0,0.023056446240676765,-0.02277406128005846,0.03142822648474733,0.0,0.0,0.0,-0.4024352418394227,0.0,0.02145748761312752,0.0,0.0,0.0,0.0,0.0,0.0,0.0,-0.013889872179783047
26,0.0026510512794243463,-0.020845847103469765,0.0,0.0,0.0,0.0,0.0,0.0,0.0,0.0,0.0,0.0,0.0,0.0,0.0,0.0,0.0,0.0,0.0,0.0,0.0,0.0,0.0,0.0,0.0,0.0,0.0,0.0,0.0,0.0,-0.016815518131479048,0.0,0.0,0.0,0.0,0.0,0.0,0.0,0.0,0.0,0.0,0.0,0.0,0.0,0.0,0.0036958295596741762,0.0,0.0,0.0,0.0,0.0,0.0,0.0,0.0,0.0,0.0,0.0,0.0,0.0,0.0,0.0,0.0,0.0,0.0,0.0,0.0,0.0,0.0,0.0,0.0,0.0,0.0,-0.03130662012667255,-0.007007470852897157,-0.011097914376766244,-0.004207388896854583,0.0,-0.005291826975024207,0.22545187735906008,0.0,-0.03183768669085667,-0.04711817006272058,0.0,0.0,-0.003206446762240033,-0.011504122629301033,0.01802563687333331,-0.0083913053972491,0.008805922934039118
27,0.0,0.0,0.0,0.0,-0.02176370412145666,0.0,0.0,0.0,0.0,0.0,0.0,0.0,0.0,0.0,0.0,0.0,0.0,0.0,0.0,0.0,-0.017221904787248832,0.0,0.0,0.0,0.0,0.0,0.0,0.0,0.0,0.0,0.0,0.0,0.0,0.0,0.0,0.0,0.0,0.0,0.0,0.0,0.0,0.0,0.0,0.0,0.0,0.0,0.0,0.0,0.0,0.0,0.0,0.0,0.0,0.0,0.0,0.0,0.0,0.0,0.0,0.0,0.0,0.0,0.0,0.0,0.0,0.0,0.0,0.0,0.0,0.0,0.0,0.0,0.026083166409168995,0.0,0.05928070016062622,0.0,0.0,0.009959777415644362,-0.5149143902199815,0.0,0.021834027008240213,0.0,0.0,0.0,0.0070742400015252754,0.009706652242209901,0.026628102557938738,0.0,0.0
28,0.0,0.0,0.0,0.0,0.0,-0.07403623622600553,0.0,0.0,0.0,0.0,0.0,0.0,0.0,0.0,0.0,0.0,0.0,0.0,0.0,0.0,0.0,0.0,0.0,0.0,0.0,0.0,0.0,0.0,0.0,0.0,0.0,0.0,0.0,0.0,0.0,0.0,0.0,0.0,0.0,0.0,0.0,0.0,0.0,0.0,0.0,0.0,0.007060432617244206,0.0,0.0,0.0,0.0,0.0,0.0,0.0,0.0,0.0,0.0,0.0,0.0,0.0,0.0,0.0,0.00883131421444927,-0.00831383531747179,0.0,0.0,0.0,0.0,0.0,0.0,0.0,0.0,-0.05314865151144278,0.022820136869723548,-0.01758013203306491,-0.03381032656125581,0.0,0.004699509629948417,-0.15690768160319174,0.0,-0.00947577130887478,0.007067616096080809,0.0,0.0,0.01168543057161249,0.01222068259755621,-0.008211252047371026,0.0033396549289923527,0.010425775749737798
29,-0.010712186076741764,-0.014289339086437956,0.0,0.0,0.0,0.0,0.0,0.0,0.0,0.0,0.0,0.0,0.0,0.0,0.0,0.0,0.0,0.0,0.0,0.0,0.0,0.0,0.0,0.0,0.0,0.0,0.0,0.0,0.0,0.0,0.0,0.0,0.0,-0.020329825786702317,0.0,0.0,0.0,0.0,0.0,0.0,0.0,0.0,0.0,0.0,0.0,0.0,0.0,-0.004320977764924516,0.0,0.0,0.0,0.0,0.0,0.0,0.0,0.0,0.0,0.0,0.0,0.0,0.0,0.0,0.0,0.0,0.0,0.0,0.0,0.0,0.0,0.0,0.0,0.0,0.011767015545288213,-0.020671821413197934,0.025715233373772364,0.0,-0.004633045666744599,-0.011316632439960464,-0.2118222414901113,0.0,-0.1535061741312292,0.0,0.0,0.0,0.0,-0.005358834952682925,-0.004469126306900217,0.0,-0.0027187104700940323
30,0.0,0.0,0.0,0.052316853474859794,0.0,0.0,0.0,0.0,0.0,0.0,0.0,0.0,0.0,0.0,0.0,0.00456433787404632,0.0,0.0,0.0,0.0,0.0,0.0,0.0,0.0,0.0,0.0,0.0,0.0,0.0,0.0,0.0,0.0,0.0,0.0,0.0,0.0,0.0,0.0,0.0,0.0,0.0,0.0,0.0,0.0,0.0,0.0,0.0,0.0,0.0,0.0,0.0,0.0,0.0,0.0,0.0,0.0,0.0,0.0,0.0,0.0,0.0,0.0,0.0,0.0,0.0,0.0,0.0,0.0,0.0,0.0,0.0,0.0,0.013202836344786167,0.014938243945950232,0.036880241715341086,0.0,0.0,-0.01352223472349787,-0.5070885331748608,0.0,0.023653337021927817,0.0,0.0,0.0,0.0,0.0,0.030726785365995546,0.0,0.010994798822118401
31,0.0,0.0,0.0,0.00630867122976221,0.0,0.0,0.0,0.0,0.0,0.0,0.0,0.0,0.0,0.0,0.0,-0.007217804386802601,0.0,0.0,0.0,0.0,0.0,0.0,0.0,0.0,0.0,0.0,0.0,0.0,0.0,0.0,0.0,0.0,0.0,0.0,0.0,0.0,0.0,0.0,0.0,0.0,0.0,0.0,0.0,0.0,0.0,0.0,0.0,0.007852329984111138,0.0,0.0,0.0,0.0,0.0,0.0,0.0,0.0,0.0,0.0,0.0,0.006468189765459145,0.0,0.0,0.0,0.005597754247139193,0.0,0.0,0.0,0.0,0.0,0.0,0.011396906246882934,0.0,-0.03351700132438431,-0.16616073200087336,-0.026235743682704902,0.026949548825498906,0.0017342035346699257,0.00570826468450064,0.1386707473104119,0.0,-0.04638551787506253,0.005292345811717799,0.0,0.0,0.0032306772572408835,0.017299037619600763,-0.005868807039650578,0.0,0.008876929792482849
32,0.0,0.0,0.0,0.07888453572887633,0.0,0.0,0.0,0.0,0.0,0.0,0.0,0.0,0.0,0.0,0.0,0.0,0.008226525508583974,0.0,0.0,0.0,0.0,0.0,0.0,0.0,0.0,0.0,0.0,0.0,0.0,0.0,0.0,0.0,0.0,0.0,0.0,0.0,0.0,0.0,0.0,0.0,0.0,0.0,0.0,0.0,0.0,-0.003686513927811212,0.0,0.0,0.0,0.0,0.0,0.0,0.0,0.0,0.0,0.0,0.0,0.0,0.0,0.0,0.0,0.0,0.007437097102783084,0.002933407690004681,0.0,0.0,0.0,0.0,0.0,0.0,0.0,0.0,0.039091609562854464,0.08319658340309574,0.09100540361000509,-0.030750321584340594,-0.019907175653007866,0.012081128599071428,-0.2002500359910863,0.0,0.0734571248536616,0.00920679114476583,0.0,0.0,-0.020573090745055932,-0.01929818202960299,0.02401352946714992,0.003539448774178708,0.0013921344858740525
33,0.02775206760126205,0.022043000374923502,0.0,0.0,0.0,-0.09243290953156753,0.0,0.0,0.0,0.0,0.0,0.0,0.0,0.0,0.0,0.0,0.0,0.0,0.0,0.0,0.0,0.0,0.0,0.0,0.0,0.0,0.0,0.0,-0.0798924284285173,0.0,0.0,0.0,0.0,0.0,0.0,0.0,0.0,0.0,0.0,0.0,0.0,0.0,0.0,0.0,0.0,0.0,0.0,0.0,-0.015458590274407267,0.0,0.0,0.0,0.0,0.0,0.0,0.0,0.0,0.0,0.0,-0.005763766954539316,0.0,0.0,0.0,0.0,0.0,0.0,0.0,0.0,0.0,0.0,0.0,0.0,-0.03781548976796539,0.03898138274296033,-0.0028479150297485087,-0.006356567717995949,0.0,0.0,0.22034852552509118,0.0,-0.03265895238600716,-0.010560570821836285,0.0,0.0,0.004092596633367036,0.0,0.0,0.004149139282093713,0.013087145419553622
34,0.0,0.0,0.20948223059569157,0.0,0.0,0.0,0.0,0.0,0.0,0.0,0.06387094045456229,0.0,0.0,0.0,0.0,0.0,0.0,0.0,0.0,0.0,0.0,0.0,0.0,0.0,0.0,0.0,0.0,0.0,0.0,0.0,0.0,0.0,0.0,0.0,0.0,0.0,0.0,0.0,0.0,0.0,0.0,0.0,0.0,0.0,0.0,0.0,0.0,0.0,0.0,0.0,0.0,0.0,0.0,0.0,0.0,0.0,0.0,0.0033743154680179605,0.0,0.0,0.0,0.0,0.0,0.0,0.0,0.0,0.0,0.0,0.0,0.0,0.0,0.0,0.03941447351616037,0.058690339372861944,0.09489411384022542,0.020477047384905425,0.0,0.018531414379505617,-0.15297857749621852,0.0,0.08623340124051887,-0.01543156365905246,0.0,0.0,0.006831693741465403,0.022425997115862628,0.031177115844471803,0.0,0.01300705820102177
35,0.0,0.0,0.0,0.0,0.0,-0.04765483975184252,0.0,0.0,0.0,0.0,0.0,0.0,0.0,0.0,0.0,0.0,0.0,0.0,0.0,0.0,0.0,0.0,0.0,0.0,0.0,0.0,0.0,0.0,0.0,0.0,0.0,0.0,0.0,0.0,0.0,0.0,0.0,0.0,0.0,0.0,0.0,0.0,0.0,0.0,0.0,0.0045589765380193575,0.0,0.0,0.0,0.0,0.0,0.0,0.0,0.0,0.0,0.0,0.0,0.0,0.02864264893762384,0.0,0.0,0.0,0.0,0.0,0.0,0.0,0.0,0.0,0.0,0.0,0.0,0.0,-0.057412553838548784,0.01590039731921137,-0.01021808338469525,-0.02043748163357194,0.0,-0.027297078704076647,-0.12623603572874786,0.0,-0.005500102854819777,0.0,0.0,0.0,0.012145153898069506,0.005407575839269679,-0.03881810465413449,-0.002305652863103691,-0.004108152451986091
36,-0.005539024245264302,0.0,0.0,0.0,0.019135440516421725,0.0,0.0,0.0,0.0,0.0,0.0,0.0,0.0,0.0,0.0,0.0,0.0,0.0,0.0,0.0,0.0,0.0,0.0,0.0,0.0,0.0,0.0,0.0,0.0,0.0,0.0,0.0,0.0,0.0,0.0,0.0,0.0,0.0,0.0,0.0,0.0,0.0,0.0,0.0,0.0,0.0,0.0,0.0,0.0,0.0,0.0,-0.006515694212996423,0.0,0.0,0.0,0.0,0.0,0.0,0.0,0.005189219155074285,0.0,0.0,0.019682595280151975,0.0034204880874182733,0.0,0.0,0.0,0.0,0.0,0.0,0.0,0.0,0.03875708845327307,0.023664826189791793,0.050655795814665144,-0.004887173268027387,-0.023918492054391602,0.00661797145019772,0.09187669452628203,0.0,0.034858048614458355,-0.026678024786887,0.0,0.0,-0.02639461627125797,0.018756938925729827,0.0,0.004008313065676838,-0.016023728573649698
37,0.004331510589910097,-0.0042169074061063,0.0,0.0,0.0,-0.09816945003004794,0.0,0.0,0.0,0.0,0.0,0.0,0.0,0.0,0.0,0.0,0.0,0.0,0.0,0.0,0.0,0.0,0.0,0.0,0.0,0.0,0.0,0.0,-0.023095249187195716,0.0,0.0,0.0,0.0,0.0,0.0,0.0,0.0,0.0,0.0,0.0,0.0,0.0,0.0,0.0,0.0,0.0,0.0,0.0,0.0015802222907515817,0.0,0.0,0.0,0.0,0.0,0.0,0.0,0.0,-0.006503142492045949,0.0,0.0,0.0,0.0,0.0,0.0,0.0,0.0,0.0,0.0,0.0,0.0,0.0,0.0,0.0,0.03574983506580155,0.002138243847489611,0.005568081678279761,0.0,0.02498430004030447,-0.052010976325380515,0.0,0.009062653256899762,0.0054494570162407635,0.0,0.0,-0.016874602251453374,0.009288257966435995,-0.007488810927912093,0.0,-0.003126756465305053
38,0.021650221196709847,0.003772564381884902,0.0,0.0,0.0,-0.09744284878412038,0.0,0.0,0.0,0.0,0.0,0.0,0.0,0.0,0.0,0.0,0.0,0.0,0.0,0.0,0.0,0.0,0.0,0.0,0.0,0.0,0.0,0.0,-0.07615437428419858,0.0,0.0,0.0,0.0,0.0,0.0,0.0,0.0,0.0,0.0,0.0,0.0,0.0,0.0,0.0,0.0,-0.014645100328539263,0.0,0.0,0.0,0.0,0.0,0.0,0.0,0.0,0.0,0.0,0.0,0.015984595558728595,0.0,0.0,0.0,0.0,0.0,-0.001674517097497906,0.0,0.0,0.0,0.0,0.0,0.0,0.0,0.0,-0.003037703546373796,0.046630248810892796,0.0,0.021135730854302877,-0.016935529609594567,0.0,0.17607635754013845,0.0,-0.0054318432572616135,0.0,0.0,0.0,-0.015912224841983798,0.0,-0.003389012762518219,-0.01729323049723601,0.0
39,0.0,0.0,0.2229830967905957,0.0,0.0,0.0,0.0,0.0,0.0,0.1079242555851927,0.0,0.0,0.0,0.0,0.0,0.0,0.0,0.0,0.0,0.0,0.0,0.0,0.0,0.0,0.0,0.0,0.0,0.0,0.0,0.0,0.0,0.0,0.0,0.0,0.0,0.0,0.0,0.0,0.0,0.0,0.0,0.0,0.0,0.0,0.0,0.0,0.0,0.0,0.0,0.0,0.0,0.0,0.0,0.0,0.0,0.0,0.0,0.0,0.0,0.012425642081911381,0.0,0.0,0.0,0.0,0.0,0.0,0.0,0.0,0.0,0.0,-0.021858471431333515,0.0,0.0,0.036829108043891834,0.02525274578593323,0.008633974923828114,0.0,0.0,0.06664230458863152,0.0,0.01039957545523984,0.0,0.0,0.0,0.004219107930212407,0.013191321510763798,0.017410835943225456,0.0,0.009279836125240859
40,0.0,0.0,0.0,0.0,0.0,-0.054317221889664064,0.0,0.0,0.0,0.0,0.0,0.0,0.0,0.0,0.0,0.0,0.0,0.0,0.0,0.0,0.0,0.0,0.0,0.0,0.0,0.0,0.0,0.0,-0.03373875597740908,0.0,0.0,0.0,0.0,0.0,0.0,0.0,0.0,0.0,0.0,0.0,0.0,0.0,0.0,0.0,0.0,-0.006546820943177573,0.0,0.0,0.0,0.0,0.0,0.0,0.0,0.0,0.0,0.0,0.0,0.0,0.0,0.00968248136558586,0.0,0.0,0.0,0.0,0.0,0.0,0.0,0.0,0.0,0.0,0.0,0.0,0.0,0.019996489780903265,0.0,0.0,0.0,0.0,-0.2983284799653848,0.0,0.0,-0.003915589730473595,0.0,0.0,0.0,0.0,-0.006702965551310003,-0.01279580375573669,0.0
41,0.0,0.0,0.0,0.0,-0.03252816552206983,0.0,0.0,0.0,0.0,0.0,0.0,0.0,0.0,0.0,0.0,0.0,0.0,0.0,0.0,0.0,-0.01435902896463942,0.0,0.0,0.0,0.0,0.0,0.0,0.0,0.0,0.0,0.0,0.0,0.0,0.0,0.0,0.0,0.0,0.0,0.0,0.0,0.0,0.0,0.0,0.0,0.0,0.0,0.0,0.0,0.0,0.0,0.0,0.0,0.0,0.0,0.0,0.0,0.0,0.0,0.0,0.0,0.0,0.0,0.0,0.0,0.0,0.0,0.0,0.0,0.0,0.0,0.0,0.0,0.013607550984769567,0.0,0.045500797070811144,0.0,0.0,0.0,-0.42135973093246726,0.0,0.03580524403026253,0.0,0.0,0.0,0.0,0.0,0.0,0.0,0.0
42,0.0,0.0,0.25947405976182997,0.0,0.0,0.0,0.0,0.0,0.0,0.0,0.0,0.04337399790574624,0.0,0.0,0.0,0.0,0.0,0.0,0.0,0.0,0.0,0.0,0.0,0.0,0.0,0.0,0.0,0.0,0.0,0.0,0.0,0.0,0.0,0.0,0.0,0.0,0.0,0.0,0.0,0.0,0.0,0.0,0.0,0.0,0.0,0.0,0.0,0.0,0.0,0.0,0.0,0.0,0.0,0.0,0.0,0.0,0.0,0.0,0.0,0.00853575883909985,0.0,0.0,0.0,0.0,0.0,0.0,0.0,0.0,0.0,0.0,0.0,0.0,0.02362974464181994,0.04380923212714882,0.08985211044651974,0.0,0.0,0.012373228507620848,-0.026469509560964416,0.0,0.040361894694164735,0.010900234020203015,0.0,0.0,0.0,0.0029073042600803456,0.017918611023397646,0.0,0.0
43,0.0,0.0,0.24912904019397974,0.0,0.0,0.0,0.0,0.0,0.0,0.0,0.0,0.0,0.0,0.039497819164591136,0.0,0.0,0.0,0.0,0.0,0.0,0.0,0.0,0.0,0.0,0.0,0.0,0.0,0.0,0.0,0.0,0.0,0.0,0.0,0.0,0.0,0.0,0.0,0.0,0.0,0.0,0.0,0.0,0.0,0.0,0.0,0.0,0.0,0.0,0.0,0.0,0.0,0.0,0.0,0.0,0.0,0.0,0.0,0.0,0.0,0.0,0.0,0.0,0.0,0.0,0.0,0.0,0.0,0.0,0.0,0.0,0.0,0.0,-0.026422271648058132,0.08776449690751248,0.0,0.0,0.0,0.0,0.18932139513323726,0.0,-0.013335254547666153,0.0,0.0,0.0,0.0,0.0,-0.0326218918702631,0.0,0.0
44,0.0,0.0,0.0,0.0,-0.020087558059655078,0.0,0.0,0.0,0.0,0.0,0.0,0.0,0.0,0.0,0.0,0.0,0.0,0.0,0.0,0.0,0.008720188698241853,0.0,0.0,0.0,0.0,0.0,0.0,0.0,0.0,0.0,0.0,0.0,0.0,0.0,0.0,0.0,0.0,0.0,0.0,0.0,0.0,0.0,0.0,0.0,0.0,0.0,0.0,0.0,0.0,0.0,0.0,0.0,0.0,0.0,0.0,0.0,0.0,0.0,0.0,0.0,0.0,0.0,0.0,0.0,0.0,0.0,0.0,0.0,0.0,0.0,0.0,0.0,-0.033379375200212474,0.04747980035695165,0.0,-0.006095488959680574,0.0,0.0,-0.09133538442353611,0.0,0.0,0.0,0.0,0.0,0.026361835345754515,0.015933046983513492,-0.02330158432907492,-0.004651814225198156,0.013689667146229142
45,-0.006644631410008293,-0.019266452001007954,0.0,0.0,0.0,0.0,0.0,0.0,-0.05257523786613919,0.0,0.0,0.0,0.0,0.0,0.0,0.0,0.0,0.0,0.0,0.0,0.0,0.0,0.0,0.0,0.0,0.0,0.0,0.0,0.0,0.0,0.0,0.0,0.0,0.0,0.0,0.0,0.0,0.0,0.0,-0.028382208159605193,0.0,0.0,0.0,0.0,0.0,0.0,0.0,0.0,0.0,0.0,0.009659487834540594,0.0,0.0,0.0,0.0,0.0,0.0,0.0,-0.006221389978678389,0.0,0.0,0.0,0.0,0.0,0.0,0.0,0.0,0.0,0.0,0.0,0.0,0.0,0.022275066390934427,-0.0714266542427044,0.04427760140784992,-0.004477100791156079,-0.015924324384145396,-0.006992973203832062,-0.3457981467373629,0.0,0.023077335748736466,0.004417078068276726,0.0,0.0,0.008426807590056772,0.0,0.015741284350057394,0.0,-0.0034988759491457744
46,0.0,0.0,0.0,0.10683584015655331,0.0,0.0,0.0,0.0,0.0,0.0,0.0,0.0,0.0,0.0,0.0,0.0,0.0,0.02431971897154722,0.0,0.0,0.0,0.0,0.0,0.0,0.0,0.0,0.0,0.0,0.0,0.0,0.0,0.0,0.0,0.0,0.0,0.0,0.0,0.0,0.0,0.0,0.0,0.0,0.0,0.0,0.0,0.0,0.0,0.0,0.0,0.0,0.0,0.0,0.0,0.0,0.0,0.0,0.0,0.0,0.0,0.0,0.0,0.0,0.0,0.0,0.0,0.0,0.0,0.0,0.0,0.0,0.0,0.0,-0.036356327188544174,0.10371498703486937,0.0,0.0,0.0,0.0,0.2568220050836521,0.0,-0.047760644873883845,0.0,0.0,0.0,0.0,0.0,-0.020908912517527245,0.0,0.0
47,0.0,0.0,0.0,0.03448766142418487,0.0,0.0,0.0,0.0,0.0,0.0,0.0,0.0,0.0,0.0,0.0,0.013469382486680816,0.0,0.0,0.0,0.0,0.0,0.0,0.0,0.0,0.0,0.0,0.0,0.0,0.0,0.0,0.0,0.0,0.0,0.0,0.0,0.0,0.0,0.0,0.0,0.0,0.0,0.0,0.0,0.0,0.0,0.0,0.0,0.0,0.0,0.0,0.0,0.0,0.0,0.0,0.0,0.0,0.0,0.0,0.0,0.0,0.010328901709601115,0.0,0.0,0.0,0.0,0.0,0.0,0.0,0.0,0.0,0.0,0.0,0.0,-0.05372860172505631,0.0,0.0,0.0,0.0,-0.1881757609164138,-0.18304824964566332,0.0,0.0,0.0,0.0,0.0,0.0,0.0,0.0,0.0
48,-0.004720428657039033,-0.005369280966741455,0.0,0.0,-0.03283507722412503,0.0,0.0,0.0,0.0,0.0,0.0,0.0,0.0,0.0,0.0,0.0,0.0,0.0,0.0,0.014482486228435301,0.0,0.0,0.0,0.0,0.0,0.0,0.0,0.0,0.0,0.0,0.0,0.0,0.0,0.0,0.0,0.0,0.0,0.0,0.0,0.0,0.0,0.0,0.0,0.0,0.0,0.0,0.0,0.0,0.0,0.0,0.0,0.0,0.0,0.0,0.0,0.0,0.0,0.0,0.0,0.0,0.0,0.0,0.037899502756292974,0.0068267220451525695,0.0,0.0,0.0,0.0,0.0,0.0,0.0,0.0,0.0,-0.04880575025806356,-0.004438056638564926,-0.006412434620815283,0.0,-0.007069006226929818,-0.20819905375150505,0.0,-0.025744747845210608,0.010428129308732936,0.0,0.0,0.006422135399650086,0.0,-0.005798472882602379,0.0,0.0
49,0.0,0.0,0.0,0.0,0.0,-0.11505990150131529,0.0,0.0,0.0,0.0,0.0,0.0,0.0,0.0,0.0,0.0,0.0,0.0,0.0,0.0,0.0,0.0,0.0,0.0,0.0,0.0,0.0,0.0,0.0,0.0,0.0,0.0,0.0,0.0,0.0,0.0,0.0,0.0,0.0,0.0,0.0,0.0,0.0,0.0,0.0,0.0,0.0,0.0,0.0,0.0,0.0,0.0,0.0,0.0,0.014114889260650422,0.0,0.0,0.006623209848521878,0.0,0.0,0.0,0.0,0.0,-0.005190213719898871,0.0,0.0,0.0,0.0,0.0,0.0,-0.0397099790814077,0.0,0.012408180901588276,0.03329757162519938,0.03720429545395107,0.007245195209309563,-0.007490239597343862,0.0,0.05881563132561273,0.0,0.02493719771700338,-0.0320236642299201,0.0,0.0,-0.006345569146098613,0.0063125784517825655,0.0006512740475365956,0.006557172147923465,-0.009014295379761561
50,0.0,0.0,0.24309853505354975,0.0,0.0,0.0,0.0,0.0,0.0,0.0,0.0,0.0,0.07606394873779171,0.0,0.0,0.0,0.0,0.0,0.0,0.0,0.0,0.0,0.0,0.0,0.0,0.0,0.0,0.0,0.0,0.0,0.0,0.0,0.0,0.0,0.0,0.0,0.0,0.0,0.0,0.0,0.0,0.0,0.0,0.0,0.0,0.0,0.0,0.0,0.0,0.0,0.0,0.0,0.0,0.0,0.016122563312993138,0.0,0.0,0.0,0.0,0.0,0.0,0.0,0.015002484910580594,0.0,0.0,0.0,0.0,0.0,0.0,0.0,0.0,0.0,-0.048079554079324294,0.046191967716786325,-0.012121079733251716,0.010826680464089411,0.0,0.0,0.19911905952946157,0.0,-0.024247541716150012,0.005127085406479381,0.0,0.0,0.0,0.0,0.0,0.0,0.006229183730327548
51,0.0,0.0,0.22951752030129013,0.0,0.0,0.0,0.0,0.0,0.0,0.12166186198934517,0.0,0.0,0.0,0.0,0.0,0.0,0.0,0.0,0.0,0.0,0.0,0.0,0.0,0.0,0.0,0.0,0.0,0.0,0.0,0.0,0.0,0.0,0.0,0.0,0.0,0.0,0.0,0.0,0.0,0.0,0.0,0.0,0.0,0.0,0.0,0.0,0.0,0.0,0.0,0.0,0.0,0.0,0.0,0.0,0.0,0.0,0.0,0.0,0.0,0.0,0.0,0.0,0.0,0.0,0.0,0.0,0.0,0.0,0.0,0.0,0.0,0.0,-0.025015091412783352,0.05881451775719626,0.0,0.0,0.0,0.0,0.14835452469828514,0.0,0.0,0.0,0.0,0.0,0.0,0.0,0.0,0.0,0.0
52,0.0,0.0,0.0,0.0,0.0,0.0,0.013536037461741347,0.0,0.0,0.0,0.0,0.0,0.0,0.0,0.0,0.0,0.0,0.0,0.0,0.0,0.0,0.0,0.0,0.0,0.0,0.0,0.0,0.0,0.0,0.03578314429846505,0.0,0.0,0.0,0.0,0.0,0.0,0.0,0.0,0.0,0.0,0.0,0.0,0.0,0.0,0.0,0.0,0.0172426127456691,0.0,0.0,0.0,0.0,0.0,0.0,0.0,0.0,0.0,0.0,0.0,0.0,0.005695865197352025,0.0,0.0,0.0,0.0,0.0,0.0,0.0,0.0,0.0,0.0,0.0,0.0,0.0038237601544980244,0.0033210684369081103,0.010350677593918181,0.0,-0.017254798500634796,0.005003057247127959,-0.355478795834104,0.0,0.02565409463699455,0.0,0.0,0.0,0.004180373170107313,0.02618990145985331,0.01616056790805062,0.005792434024053272,0.0
53,0.0,0.0,0.21405241086038707,0.0,0.0,0.0,0.0,0.0,0.0,0.0,0.0,0.0,0.07132892600112242,0.0,0.0,0.0,0.0,0.0,0.0,0.0,0.0,0.0,0.0,0.0,0.0,0.0,0.0,0.0,0.0,0.0,0.0,0.0,0.0,0.0,0.0,0.0,0.0,0.0,0.0,0.0,0.0,0.0,0.0,0.0,0.0,-0.005810788528059274,0.0,0.0,0.0,0.0,0.0,0.0,0.0,0.0,0.0,0.0,0.0,0.0,0.0,0.004769779964158505,0.0,0.0,0.0,-0.011533548153632445,0.0,0.0,0.0,0.0,0.0,0.0,-0.06536891362906011,0.0,0.0,0.03381434476281772,0.037687275494622724,-0.0058034877095431425,0.0,0.003959020054267071,0.061390736715264876,0.0,0.024279383189153653,0.009160142855065945,0.0,0.0,-0.013660884531482037,0.006035656537685563,0.01337833004926936,-0.004345050598704603,0.0
54,0.0,0.0,0.0,0.06785447657020377,0.0,0.0,0.0,0.0,0.0,0.0,0.0,0.0,0.0,0.0,0.0,0.0,0.0,0.0,0.0,0.0,0.0,0.0,0.0,0.0,0.0,0.0,0.0,0.0,0.0,0.0,0.0,0.0,0.0,0.0,0.0,0.0,0.0,0.0,0.0,0.0,0.0,0.0,0.0,0.0,0.0,0.0,0.0,0.0,0.0,0.0,0.0,0.0,0.0,0.0,0.0,0.0,0.0,0.0,0.0,0.0,0.0,0.0,0.0,0.0,0.0,0.0,0.0,0.0,0.0,0.0,0.0,0.0,0.01656561403696495,0.0,0.07694684180847908,0.0,0.0,0.0,-0.5240446480942123,0.0,0.03026327152494873,0.00920343403004989,0.0,0.0,0.0,0.0,0.0232110101235658,0.0,0.0
55,-0.010182198676615871,-0.022461511106255924,0.0,0.0,0.0,-0.05603277555312349,0.0,0.0,0.0,0.0,0.0,0.0,0.0,0.0,0.0,0.0,0.0,0.0,0.0,0.0,0.0,0.0,0.0,0.0,0.0,0.0,0.0,0.0,0.0,0.0,0.0,0.0,0.0,0.0,0.0,0.0,0.0,0.0,0.0,0.0,0.0,0.0,0.0,0.0,0.0,-0.004783578161337157,0.0,0.0,0.0,0.0,0.0,0.0,0.0,0.0,0.0,0.0,0.0,0.0,0.002805533914985333,0.0,0.0,0.0,0.0,0.0,0.0,0.0,0.0,0.0,0.0,0.0,0.0,0.0,0.044387883289706886,0.07880634688104292,0.07182811239438137,-0.004291180594849584,-0.016211816717104567,0.0,-0.19351349562134595,0.0,0.03513406412474302,0.014499610944981402,0.0,0.0,0.0,0.0,0.0023423038268804153,0.0032437482022967742,-0.005571047148385577
56,0.0,0.0,0.0,0.10020333331907755,0.0,0.0,0.0,0.0,0.0,0.0,0.0,0.0,0.0,0.0,0.0,0.0,0.007719342640254083,0.0,0.0,0.0,0.0,0.0,0.0,0.0,0.0,0.0,0.0,0.0,0.0,0.0,0.0,0.0,0.0,0.0,0.0,0.0,0.0,0.0,0.0,0.0,0.0,0.0,0.0,0.0,0.009606250899699994,0.0,0.0,0.0,0.0,0.0,0.0,0.0,0.0,0.0,0.0,0.0,0.0,-0.0030405166934675777,0.0,0.0,0.0,0.0,0.015696963690317603,0.0046377391146874,0.0,0.0,0.0,0.0,0.0,0.0,0.0,0.0,-0.03240093869189112,0.09355603070006224,-0.015221250719190046,-0.008320611480686357,0.0,0.015673818823615356,0.21907964083981632,0.0,-0.05400554701599497,0.016388416681685395,0.0,0.0,-0.019208378295734383,0.02972246917650853,0.017998797515347942,-0.011418893837441213,0.0
57,0.0,-0.007989022472667133,0.0,0.0,0.0,-0.07130996558527147,0.0,0.0,0.0,0.0,0.0,0.0,0.0,0.0,0.0,0.0,0.0,0.0,0.0,0.0,0.0,0.0,0.0,0.0,0.0,0.0,0.0,0.0,-0.05001119510249184,0.0,0.0,0.0,0.0,0.0,0.0,0.0,0.0,0.0,0.0,0.0,0.0,0.0,0.0,0.0,0.0,0.0,0.0,0.0,0.0,0.0,0.0,0.0,0.0,0.0,0.0,0.0,0.0,0.0,0.0,0.0,0.0,0.0,0.0,0.0,0.0,0.0,0.0,0.0,0.0,0.0,0.0,0.0,-0.007365923969608265,-0.006400541841860018,0.0,0.0,0.0,0.0,-0.20679495455207433,0.0,-0.009722083517879149,0.011835725736751082,0.0,0.0,-0.0023550045596382185,0.0,0.0,-0.003220367468593943,0.0
58,-0.004894507257444142,-0.007849677917988296,0.0,0.12510074879954447,0.0,0.0,0.0,0.0,0.0,0.0,0.0,0.0,0.0,0.0,0.0,0.0,0.0,0.015564568948484292,0.0,0.0,0.0,0.0,0.0,0.0,0.0,0.0,0.0,0.0,0.0,0.0,0.0,0.0,0.0,0.0,0.0,0.0,0.0,0.0,0.0,0.0,0.0,0.0,0.0,0.0,0.0,0.0,0.0,0.0,0.0,0.0,0.0,0.0,0.0,0.0,0.0,0.0,0.0,0.0,0.0,0.009989054466346625,0.0,0.0,0.0,0.0,0.0,0.0,0.0,0.0,0.0,0.0,0.0,0.0,0.022152986064825603,0.11515215144737234,0.029430310394614745,0.0,-0.011390282027938237,0.011521347479658883,0.11224259336186504,0.0,0.009079900056742807,-0.054023907803577575,0.0,0.0,0.0,0.010449614185416733,0.014704227703416145,-0.007385420260720282,0.01682295902604758
59,0.0,0.0,0.0,0.1153191383389427,0.0,0.0,0.0,0.0,0.0,0.0,0.0,0.0,0.0,0.0,0.0,0.0,0.011130344571022105,0.0,0.0,0.0,0.0,0.0,0.0,0.0,0.0,0.0,0.0,0.0,0.0,0.0,0.0,0.0,0.0,0.0,0.0,0.0,0.0,0.0,0.0,0.0,0.0,0.0,0.0,0.0,0.0,0.0,0.0,0.0,0.0,0.0,0.00377444543294575,0.0,0.0,0.0,0.0,0.0,0.0,0.0,-0.010587942748644469,0.0,0.0,0.0,0.0,0.0,0.0,0.0,0.0,0.0,0.0,0.0,0.0,0.0,0.009297892917932288,0.11426983116617409,0.045558720860147645,-0.034834510452065676,-0.006790655271286722,-0.03644808180783106,0.09545119717291942,0.0,0.026326995430133032,0.0,0.0,0.0,0.013687108719627444,0.013180181112784212,0.0027415380155598468,0.004316023811616415,0.013607772730022893
60,0.022483554279737694,0.009197775346552979,0.0,0.0,0.0,-0.10666686402809882,0.0,0.0,0.0,0.0,0.0,0.0,0.0,0.0,0.0,0.0,0.0,0.0,0.0,0.0,0.0,0.0,0.0,0.0,0.0,0.0,0.0,0.0,-0.07259019161385699,0.0,0.0,0.0,0.0,0.0,0.0,0.0,0.0,0.0,0.0,0.0,0.0,0.0,0.0,0.0,0.018656920946481265,0.0,0.0,0.0,0.0,0.0,0.0,0.0,0.0,0.0,0.0,0.0,0.0,0.0117843347833991,0.0,0.0,0.0,0.0,-0.0077053006450818196,-0.011413769797567308,0.0,0.0,0.0,0.0,0.0,0.0,0.0,0.0,0.06660236103213074,0.06892570315313191,0.11208362610179046,-0.00600528953872588,0.0,-0.014312419979593927,-0.07913583670396794,0.0,0.08035773090948328,0.008476745009054439,0.0,0.0,0.0,0.004705873827296064,0.04809364651707232,0.01100117615426277,0.008793557579832967
61,0.0,0.0,0.2199106287890319,0.0,0.0,0.0,0.0,0.0,0.0,0.0,0.0,0.0,0.08479168730150932,0.0,0.0,0.0,0.0,0.0,0.0,0.0,0.0,0.0,0.0,0.0,0.0,0.0,0.0,0.0,0.0,0.0,0.0,0.0,0.0,0.0,0.0,0.0,0.0,0.0,0.0,0.0,0.0,0.0,0.0,0.0,0.0,0.0,0.0,0.0,0.0,0.0,0.0,0.0,0.0,0.0,0.0,0.0,0.0,0.0,0.0,0.0,0.0,0.0,0.0,0.0,0.0,0.0,0.0,0.0,0.0,0.0,0.0,0.0,0.008201257344375018,0.07480058116615429,0.0,0.004422644723917568,0.0,0.0025634843942952956,0.13329616237088732,0.0,0.0,0.0032242222859429903,0.0,0.0,0.0,0.0021226649572196887,0.0,0.0,0.0
62,0.0017069313327052714,0.01564049803791313,0.0,0.08298449703051512,0.0,0.0,0.0,0.0,0.0,0.0,0.0,0.0,0.0,0.0,0.0,0.0,0.0,-0.02192062558831014,0.0,0.0,0.0,0.0,0.0,0.0,0.0,0.0,0.0,0.0,0.0,0.0,0.0,0.0,0.0,0.0,0.0,0.0,0.0,0.0,0.0,0.0,0.0,0.0,0.0,0.0,0.0,0.0,-0.004502162263582797,0.0,0.0,0.0,0.0,0.0,0.0,0.0,0.0,0.0,0.0,0.0,0.0,0.01215645356568975,0.0,0.0,0.0,0.0,0.0,0.0,0.0,0.0,0.0,0.0,0.0,0.0,-0.027571520337265752,0.031394583181366786,-0.07877073912225896,-0.0013552078213131362,0.0,-0.008103725319239734,-0.007780000809206475,0.0,-0.04910427536490193,0.006163842853200408,0.0,0.0,-0.0050108607234999585,0.0028832334616756307,-0.004602426349260946,-0.011522223156014151,0.0073137273917879
63,0.0,0.0,0.0,0.0,0.0,-0.012932322464321844,0.0,0.0,0.0,0.0,0.0,0.0,0.0,0.0,0.0,0.0,0.0,0.0,0.0,0.0,0.0,0.0,0.0,0.0,0.011318437158668518,0.0,0.0,0.0,0.0,0.0,0.0,0.0,0.0,0.0,0.0,0.0,0.0,0.0,0.0,0.0,0.0,0.0,0.0,0.0,0.0,-0.0060738796585247294,0.0,0.0,0.0,0.0,0.0,0.0,0.0,0.0,0.0,0.0,0.0,0.0,0.00663881089850723,0.0,0.0,0.0,0.0,0.0,0.0,0.0,0.0,0.0,0.0,0.0,0.0,0.0,-0.028439429529091252,0.053580432509159885,0.010300685662891338,0.01142026662325171,0.0,0.034782395182404634,-0.3061790125068194,0.0,0.0,0.017242215669199767,0.0,0.0,0.0,0.041628895691239176,0.06257904941047324,0.0,0.010800122019628405
64,0.0,0.0,0.0,0.0,0.0,0.0,0.005673117381460183,0.0,0.0,0.0,0.0,0.0,0.0,0.0,0.0,0.0,0.0,0.0,0.0,0.0,0.0,0.0,0.0,0.0,0.0,0.0,0.0,0.0,0.0,0.0,0.0,0.0,0.0,-0.03250070934649266,0.0,0.0,0.0,0.0,0.0,0.0,0.0,0.0,0.0,0.0,0.0,0.0,0.0,0.0,0.0,0.0,0.0,0.0,0.0,0.0,0.0,0.0,0.0,0.019034265234421675,0.0,0.0,0.0,0.0,0.012651442718615905,-0.011442342568679669,0.0,0.0,0.0,0.0,0.0,0.0,0.0,0.0,0.011674878656780543,-0.018093789705351554,0.013835663353350833,0.010783530247246976,0.0,-0.009701486188953565,0.020153876352792498,0.0,-0.004229105866082271,-0.005379045365998307,0.0,0.0,-0.004006763680574335,0.020380601906205623,0.012512019413219402,0.015233669587900497,0.010086844536804876
65,0.0,0.0,0.0,0.09904889860612463,0.0,0.0,0.0,0.0,0.0,0.0,0.0,0.0,0.0,0.0,0.0,0.0,0.0,0.0,0.029973759801859623,0.0,0.0,0.0,0.0,0.0,0.0,0.0,0.0,0.0,0.0,0.0,0.0,0.0,0.0,0.0,0.0,0.0,0.0,0.0,0.0,0.0,0.0,0.0,0.0,0.0,0.0,-0.0030673133464435842,0.0,0.0,0.0,0.0,0.0,0.0,0.0,0.0,0.0,0.0,0.0,0.0,0.0,-0.012375715879196392,0.0,0.0,0.02754747309833419,-0.002530864366101726,0.0,0.0,0.0,0.0,0.0,0.0,0.0,0.0,-0.08170830396851508,-0.1470473988738169,-0.061733185575717914,-0.017800643546499184,-0.0028834824277829685,0.0,-0.03421760711161537,0.0,-0.052225202050931285,-0.010889175643759796,0.0,0.0,-0.005618470863404862,0.0,-0.0032800262869882996,-0.007859408232211762,0.0
66,0.0,0.0,0.0,0.0,0.0,-0.09785080365932693,0.0,0.0,0.0,0.0,0.0,0.0,0.0,0.0,0.0,0.0,0.0,0.0,0.0,0.0,0.0,0.0,0.0,0.0,0.0,0.009828810499870342,0.0,0.0,0.0,0.0,0.0,0.0,0.0,0.0,0.0,0.0,0.0,0.0,0.0,0.0,0.0,0.0,0.0,0.0,0.0,-0.007665024221373155,0.0,0.0,0.0,0.0,0.0,0.0,0.0,0.0,0.0,0.0,0.0,0.0,0.0,-0.005305450120384419,0.0,0.0,0.02682577372635081,-0.005490219818778116,0.0,0.0,0.0,0.0,0.0,0.0,0.0,0.0,-0.04947167785221752,0.04041103312589083,-0.027671349821961094,0.0,0.0,0.011184931070256011,0.13077433161811908,0.0,-0.10882220722976525,-0.0022333479901689296,0.0,0.0,0.004410168112474109,-0.008902943379059367,0.009117084806843416,-0.008329555410824266,0.0025237798773877634
67,0.0,0.0,0.13065956141699492,0.0,0.0,0.0,0.0,0.0,0.0,0.0,0.0,0.0,0.0,-0.009642601374195939,0.0,0.0,0.0,0.0,0.0,0.0,0.0,0.0,0.0,0.0,0.0,0.0,0.0,0.0,0.0,0.0,0.0,0.0,0.0,0.0,0.0,0.0,0.0,0.0,0.0,0.0,0.0,0.0,0.0,0.0,0.0,0.0,0.0,0.0,0.0,0.0,0.0,0.0,0.0,0.0,0.0,0.0,0.0,0.0,0.0,0.0,0.0,0.0,0.005333249339250223,0.0,0.0,0.0,0.0,0.0,0.0,0.0,0.0,0.0,-0.04728409981189985,0.018516733352740122,-0.029898686204080094,-0.011925845910424782,-0.00816071635939919,0.01800622050603734,-0.17627160097774053,-0.22192971547263052,-0.03260177615290244,0.008331207950647512,0.0,0.0,0.00758759800265596,-0.005536858826212437,0.03339932996244403,-0.005248666107950994,0.0
68,0.0,0.0,0.0,0.0,-0.020382032247083036,0.0,0.0,0.0,0.0,0.0,0.0,0.0,0.0,0.0,0.0,0.0,0.0,0.0,0.0,0.0,0.0,0.0,0.0,-0.02465765781336461,0.0,0.0,0.0,0.0,0.0,0.0,0.0,0.0,0.0,0.0,0.0,0.0,0.0,0.0,0.0,0.0,0.0,0.0,0.0,0.0,0.0,0.0,0.0,0.0,0.0,0.0,0.0,0.009418531376667996,0.0,0.0,0.0,0.0,0.0,0.0,0.0,0.0,0.0,0.0,0.0,0.0,0.0,0.0,0.0,0.0,0.0,0.0,0.0,0.0,0.0,-0.02807546497388487,0.05690415056115726,0.0,0.0,0.0,-0.44738423286541434,0.0,0.02485041591991733,0.0,0.0,0.0,0.0,0.011738864643547044,-0.006905049925490014,0.011159141990613908,0.0
69,0.0,0.0,0.0,0.0,-0.01054926138252453,0.0,0.0,0.0,0.0,0.0,0.0,0.0,0.0,0.0,0.0,0.0,0.0,0.0,0.0,0.0,0.0,0.002847402064466077,0.0,0.0,0.0,0.0,0.0,0.0,0.0,0.0,0.0,0.0,0.0,0.0,0.0,0.0,0.0,0.0,0.0,0.0,0.0,0.0,0.0,0.0,0.0,0.0,0.0,0.0,0.0,0.0,0.024866847264660125,0.0,0.0,0.0,0.0,0.0,0.0,0.0,-0.016110146199473947,0.0,0.0,0.0,0.015358010494002499,0.011531511290168276,0.0,0.0,0.0,0.0,0.0,0.0,0.0,0.0,-0.01419699213010211,0.03836756825117766,0.03284155344326552,-0.020194232470170725,0.0,0.01387113121875585,0.15045368257567845,0.0,0.014395044229662039,0.005376556917129318,0.0,0.0,0.023791973651739642,0.017762851161122126,0.0032029998082492295,0.0197168331455278,0.0
70,0.0,-0.012387199402404625,0.0,0.0,0.0,0.0,0.0,0.0,0.0,0.0,0.0,0.0,0.0,0.0,0.0,0.0,0.0,0.0,0.0,0.0,0.0,0.0,0.007822765629923303,0.0,0.0,0.0,0.0,0.0,0.0,0.0,0.0,0.0,0.0,0.0,0.0,0.0,0.0,0.0,0.0,0.0,0.0,0.0,0.0,0.0,0.0,0.0,0.0,0.0,0.0,0.0,0.0,0.0,0.0,0.0,0.02870992986330185,0.0,0.0,0.0,0.0,0.0,0.0,0.0,0.0,0.0,0.0,0.0,0.0,0.0,0.0,0.0,0.0,0.0,0.04068651631698503,-0.02300444370523662,0.08017221109382075,0.0,0.0,-0.006947765357319641,-0.3046391249672716,0.0,0.07112468642101752,-0.015078119262022863,0.0,0.0,-0.004867518788656516,0.0,-0.010250705579180702,-0.004674565596289204,0.0
71,0.0,0.0,0.0,0.05946557965683333,0.0,0.0,0.0,0.0,0.0,0.0,0.0,0.0,0.0,0.0,0.0,0.0,0.0,0.0,0.0,0.0,0.0,0.0,0.0,0.0,0.0,0.0,0.0,0.0,0.0,0.0,0.0,0.0,0.0,0.0,0.0,0.0,0.0,0.0,0.0,0.0,0.0,0.0,0.0,0.0,0.0,0.0,0.0,0.0,0.0,0.0,0.0,0.0,0.0,0.0,0.009711893804348032,0.0,0.0,0.0035144246192853057,0.0,0.0,0.0,0.0,0.022269305365163458,0.0,0.0,0.0,0.0,0.0,0.0,0.0,0.0,0.0,0.010722564282924674,0.005880354612003674,0.042100568824592066,0.0,0.0,0.0,-0.5112974018273315,0.0,0.009097742612604487,0.0021070872464182266,0.0,0.0,0.0,0.00908366569761318,0.006341675842895175,0.0,0.01100253926264999
72,0.0,0.0,0.0,0.0,-0.03280470244495545,0.0,0.0,0.0,0.0,0.0,0.0,0.0,0.0,0.0,0.0,0.0,0.0,0.0,0.0,0.0,0.0,0.0,0.0,0.0,0.0,0.0,0.0,0.0,0.0,0.0,0.0,0.0,0.0,0.0,0.0,0.0,0.0,0.0,0.0,0.0,0.0,0.0,0.0,0.0,0.0,0.0,0.0,0.0,0.0,0.0,0.0,0.0,0.0,0.0,0.0,0.0,0.0,0.0,0.0,0.0,0.0,0.0,0.0,0.0,0.0,0.0,0.0,0.0,0.0,0.0,0.0,0.0,0.0,-0.020953929944204114,0.033232501889950444,0.0,0.0,0.008353719404609106,-0.4330127612544104,0.0,0.022353673748882197,0.0,0.0,0.0,0.012977996404089226,0.0,0.02318683552937234,0.0,0.0
73,0.0,0.0,0.0,0.0,-0.00847652608591637,0.0,0.0,0.0,0.0,0.0,0.0,0.0,0.0,0.0,0.0,0.0,0.0,0.0,0.0,0.04185154114354406,0.0,0.0,0.0,0.0,0.0,0.0,0.0,0.0,0.0,0.0,0.0,0.0,0.0,0.0,0.0,0.0,0.0,0.0,0.0,0.0,0.0,0.0,0.0,0.0,0.0,0.0,0.0,0.0,0.0,0.0,0.0,0.0,0.0,0.0,0.038572021413219665,0.0,0.0,0.008988841392414404,0.0,0.0,0.0,0.0,0.0,0.0,0.0,0.0,0.0,0.0,0.0,0.0,-0.008306526725264163,0.0,-0.01477577203583233,0.04831981563814375,-0.0381936693090453,0.020943912737144216,0.0,0.0,0.21581446054701178,0.0,-0.04857567623037495,0.014730358997786575,0.0,0.0,0.0034221999898928213,0.003497023589338094,0.02853371462617299,-0.019836544481089957,-0.006509175207145279
74,0.0,0.0,0.0,0.0,0.012652861022074557,0.0,0.0,0.0,0.0,0.0,0.0,0.0,0.0,0.0,0.0,0.0,0.0,0.0,0.0,0.0,0.0,0.0,0.010729298729695306,0.0,0.0,0.0,0.0,0.0,0.0,0.0,0.0,0.0,0.0,0.0,0.0,0.0,0.0,0.0,0.0,0.0,0.0,0.0,0.0,0.0,0.0,0.0,0.0,0.0,0.0,0.0,0.0,0.0,0.0,0.0,0.02336169846066117,0.0,0.0,0.0,0.0,-0.0034468270774087456,0.0,0.0,0.0,0.0,0.0,0.0,0.0,0.0,0.0,0.0,0.0,0.0,-0.03316316530942592,0.014520068823042274,0.008769945772567908,-0.008394567262195552,-0.005571810656743347,-0.053884125683316735,0.15575396436867375,0.0,0.005088895071566429,0.0,0.0,0.0,-0.012545938106007706,-0.04275721001840747,-0.029709260020094608,-0.002230488447342121,-0.012506673000672527
75,0.0,0.0,0.0,0.11412994073183494,0.0,0.0,0.0,0.0,0.0,0.0,0.0,0.0,0.0,0.0,0.0830097848286866,0.0,0.0,0.0,0.0,0.0,0.0,0.0,0.0,0.0,0.0,0.0,0.0,0.0,0.0,0.0,0.0,0.0,0.0,0.0,0.0,0.0,0.0,0.0,0.0,0.0,0.0,0.0,0.0,0.0,0.0,0.0,0.0,0.0,0.0,0.0,0.005960649015685188,0.0,0.0,0.0,0.0,0.0,0.0,0.0,0.0,0.0,0.0,0.0,0.0,0.0,0.0,0.0,0.0,0.0,0.0,0.0,0.0,0.0,-0.030505013107382906,0.090523241024966,0.0,0.0,0.0,0.0,0.22592319521055426,0.0,0.0,-0.011477219989280252,0.0,0.0,0.0,0.013499336418211938,0.0,-0.017730580799942386,0.0
76,-0.014386079987504597,-0.019515423695517082,0.0,0.0,0.0,0.0,-0.015594686361353437,0.0,0.0,0.0,0.0,0.0,0.0,0.0,0.0,0.0,0.0,0.0,0.0,0.0,0.0,0.0,0.0,0.0,0.0,0.0,0.0,0.0,0.0,0.0,0.0,-0.03293936566005253,0.0,0.0,0.0,0.0,0.0,0.0,0.0,0.0,0.0,0.0,0.0,0.0,0.0,0.0,0.0,0.0,0.0,0.0,0.0,0.011228414326622882,0.0,0.0,0.0,0.0,0.0,0.0,0.0,0.005182685434980874,0.0,0.0,0.0,0.0,0.0,0.0,0.0,0.0,0.0,0.0,0.0,0.0,0.0,-0.02245334681974746,0.007973028306649288,-0.011394033738844216,0.0,-0.021485618774964667,0.10916153573442675,0.0,0.0053242099489562685,0.014561982419932572,0.0,0.0,-0.039321996487092475,-0.01952916389376797,-0.006459985975067562,-0.0035657299712408552,-0.006786424806415774
77,0.0,0.0,0.207585913116409,0.0,0.0,0.0,0.0,0.0,0.0,0.0,0.0,0.0,0.0,0.02142548458158107,0.0,0.0,0.0,0.0,0.0,0.0,0.0,0.0,0.0,0.0,0.0,0.0,0.0,0.0,0.0,0.0,0.0,0.0,0.0,0.0,0.0,0.0,0.0,0.0,0.0,0.0,0.0,0.0,0.0,0.0,0.0,0.0,0.0,0.0,0.0,0.0,0.0,0.0,0.0,0.0,0.0,0.0,0.0,0.0,-0.009048504981671888,0.0,0.0,0.0,0.0,0.0,0.0,0.0,0.0,0.0,0.0,0.0,0.0,0.0,0.016788241917081892,0.07472539287312835,0.024549972258651326,-0.021289157185514843,-0.007039076123682188,-0.016644549273625096,0.12330705032264697,0.0,-0.04240047320010519,0.0,0.0,0.0,0.007552567057276471,-0.015604729898437919,0.009053697395645155,0.0,0.013704837807283599
78,-0.01119268329470327,-0.012450217832459198,0.0,0.0,0.0,0.0,-0.006286726278618732,0.0,0.0,0.0,0.0,0.0,0.0,0.0,0.0,0.0,0.0,0.0,0.0,0.0,0.0,0.0,0.0,0.0,0.0,0.0,0.0,0.0,0.0,0.0,-0.006899085442089586,0.0,0.0,0.0,0.0,0.0,0.0,0.0,0.0,0.0,0.0,0.0,0.0,0.0,0.0,0.0,0.0,0.0,0.0,0.0,0.0,-0.004891553390586792,0.0,0.0,0.0,0.0,0.0,0.0,0.0,0.0,0.0,0.0,0.0,0.0,0.0,0.0,0.0,0.0,0.0,0.0,0.0,0.0,0.0,-0.009886182492063869,0.006844320304190597,0.0,0.0,0.0,-0.20883942979425785,0.0,0.014602277082840037,0.00829801097217886,0.0,0.0,-0.006816807458546514,0.0,0.0,0.0,-0.00914858904255031
79,0.0,0.0,0.0,0.09508397772332161,0.0,0.0,0.0,0.0,0.0,0.0,0.0,0.0,0.0,0.0,0.0,0.012939933656739691,0.0,0.0,0.0,0.0,0.0,0.0,0.0,0.0,0.0,0.0,0.0,0.0,0.0,0.0,0.0,0.0,0.0,0.0,0.0,0.0,0.0,0.0,0.0,0.0,0.0,0.0,0.0,0.0,0.0,0.0,0.0,0.0,0.0,0.0,0.0,0.0,0.0,0.0,0.0,0.0,0.0,0.0,0.0,0.008933423910135574,0.0,0.0,0.0,0.0,0.0,0.0,0.0,0.0,0.0,0.0,-0.029814169157864917,0.0,0.028408717650515627,0.10195607999596154,0.10127508840244578,0.0,-0.013048642058882842,0.004693256107351898,-0.031661172608430654,0.0,0.055471846538677955,0.008038141801416265,0.0,0.0,0.0032546117574650535,0.021324098863608643,0.04893094898323985,0.0,0.010880525100965599
80,-0.013540860183005737,0.0,0.21113779484302284,0.0,0.0,0.0,0.0,0.0,0.0,0.0,0.0,0.0,0.08525600110486103,0.0,0.0,0.0,0.0,0.0,0.0,0.0,0.0,0.0,0.0,0.0,0.0,0.0,0.0,0.0,0.0,0.0,0.0,0.0,0.0,0.0,0.0,0.0,0.0,0.0,0.0,0.0,0.0,0.0,0.0,0.0,0.0,0.0,0.0,0.0,0.0,0.0,0.0,0.0,0.0,0.0,0.0,0.0,0.0,0.0,0.0,0.0,0.0,0.0,0.00801590281006273,0.0,0.0,0.0,0.0,0.0,0.0,0.0,0.0,0.0,0.017171872008244146,0.0572500622564627,0.0,0.0,0.0,0.0,0.06671670144851904,0.0,0.007923396302418118,-0.04774593925968407,0.0,0.0,0.0,0.011930749739685997,0.0,0.0,0.009217652262746512
81,0.00447245015208695,0.0,0.0,0.1215759603749838,0.0,0.0,0.0,0.0,0.0,0.0,0.0,0.0,0.0,0.0,0.0,0.0,0.0,0.0,0.07146156106457481,0.0,0.0,0.0,0.0,0.0,0.0,0.0,0.0,0.0,0.0,0.0,0.0,0.0,0.0,0.0,0.0,0.0,0.0,0.0,0.0,0.0,0.0,0.0,0.0,0.0,0.0,0.0,0.0,0.0,0.0,0.0,0.0,0.0,0.0,0.0,0.0,0.0,0.0,0.0022445283063518874,0.0,0.0,0.0,0.0,0.0,0.0,0.0,0.0,0.0,0.0,0.0,0.0,0.0,0.0,0.024517155862472863,0.03582097174056409,0.05251610535921218,0.0,0.0,0.003442710989098756,0.04788480878334127,0.0,0.0,0.0,0.0,0.0,0.01059712839197316,0.018767817924085658,0.03257654460983321,0.00858320730912493,0.012205715798963013
82,0.0,0.0,0.0,0.09902535184613911,0.0,0.0,0.0,0.0,0.0,0.0,0.0,0.0,0.0,0.0,0.0818677213401642,0.0,0.0,0.0,0.0,0.0,0.0,0.0,0.0,0.0,0.0,0.0,0.0,0.0,0.0,0.0,0.0,0.0,0.0,0.0,0.0,0.0,0.0,0.0,0.0,0.0,0.0,0.0,0.0,0.0,0.0,0.0,0.0,0.0,0.0,0.0,0.0,0.007017782294961384,0.0,0.0,0.0,0.0,0.0,0.0,0.0,0.0,0.0,0.0,0.0,0.0,0.0,0.0,0.0,0.0,0.0,0.0,0.0,0.0,-0.09179108445216785,0.12480852049030587,-0.05318115800571324,-0.017908733834261073,0.0,-0.013575573730276784,-0.03606295625367798,0.0,0.04366466440993642,0.006475558645142602,0.0,0.0,0.0,-0.0020695222163264367,-0.0224820790028904,-0.0027804704755737125,-0.009674687722428701
83,0.0,0.0,0.18512775995826186,0.0,0.0,0.0,0.0,0.0,0.0,0.0,0.07757874396626323,0.0,0.0,0.0,0.0,0.0,0.0,0.0,0.0,0.0,0.0,0.0,0.0,0.0,0.0,0.0,0.0,0.0,0.0,0.0,0.0,0.0,0.0,0.0,0.0,0.0,0.0,0.0,0.0,0.0,0.0,0.0,0.0,0.0,0.0,0.0,0.0,-0.01037225370400234,0.0,0.0,0.0,0.0,0.0,0.0,0.0,0.0,0.0,0.0,0.0,0.0,0.0,0.0,0.0,0.0,0.0,0.0,0.0,0.0,0.0,0.0,0.0,0.0,0.031665962965672576,0.02096963864205606,0.04691302692756823,-0.021152923807384177,0.0,0.0,-0.14299627152851138,0.0,0.07480611614785618,0.0,0.0,0.0,0.00867576037040979,0.0,0.0212699941368851,0.0,0.007514445924924895
84,0.0,0.0,0.24216460536599826,0.0,0.0,0.0,0.0,0.0,0.0,0.11259444234342186,0.0,0.0,0.0,0.0,0.0,0.0,0.0,0.0,0.0,0.0,0.0,0.0,0.0,0.0,0.0,0.0,0.0,0.0,0.0,0.0,0.0,0.0,0.0,0.0,0.0,0.0,0.0,0.0,0.0,0.0,0.0,0.0,0.0,0.0,0.0,0.0,0.0,0.0,0.0,0.0,0.0,0.0,0.0,0.0,0.013983112805079245,0.0,0.0,0.0,0.0,0.0,0.0,0.0,0.0,0.0,0.0,0.0,0.0,0.0,0.0,0.0,0.0,0.0,0.029346829218088788,0.010425721049382997,0.08769304938140543,0.01072290730515596,0.0,0.010006331852109474,-0.042924360627011715,0.0,0.027096337732877396,0.0054784424076195215,0.0,0.0,0.0,0.006021524431075259,0.02739105673479747,0.0,0.0
85,-0.0064337449739986785,-0.00922976710389381,0.0,0.0,0.0,0.0,0.0,0.0,0.0,0.0,0.0,0.0,0.0,0.0,0.0,0.0,0.0,0.0,0.0,0.0,0.0,0.0,0.0,0.0,0.0,0.0,0.0,0.0,0.0,0.0,0.0,0.0,0.0,-0.032730489391290335,0.0,0.0,0.0,0.0,0.0,0.0,0.0,0.0,0.0,0.0,0.0,0.0,0.0,0.0,0.0,0.0,0.0,0.0,0.0,0.0,0.0,0.0,0.0,0.0,0.0,0.0,0.0,0.0,0.0,0.0,0.0,0.0,0.0,0.0,0.0,0.0,0.0,0.0,-0.004422084818225452,-0.025024755047911518,-0.002093895608350868,-0.010252190427119168,-0.0069647488556608406,-0.0024040065771769314,-0.3000654632276827,0.0,0.0,-0.005604549882620269,0.0,0.0,0.0,0.0,-0.008107637419402791,0.0,0.0
86,0.0,0.0,0.26235688655176226,0.0,0.0,0.0,0.0,0.0,0.0,0.0,0.0,0.0,0.0,0.025141428389643505,0.0,0.0,0.0,0.0,0.0,0.0,0.0,0.0,0.0,0.0,0.0,0.0,0.0,0.0,0.0,0.0,0.0,0.0,0.0,0.0,0.0,0.0,0.0,0.0,0.0,0.0,0.0,0.0,0.0,0.0,0.0,0.0,0.0,0.0,0.0,0.0,0.0,0.0,0.0,0.0,0.0,0.0,0.0,0.0,0.0,0.0,0.0,0.0,0.0,0.0,0.0,0.0,0.0,0.0,0.0,0.0,0.0,0.0,0.0,0.0921280733259644,0.0,0.0,0.0,0.0,0.20348013637012663,0.0,-0.056439857970830065,0.0,0.0,0.0,0.0,0.0,0.0,0.0,0.0
87,0.0,0.0,0.0,0.0,-0.04327699398170437,0.0,0.0,0.0,0.0,0.0,0.0,0.0,0.0,0.0,0.0,0.0,0.0,0.0,0.0,0.0,0.0,0.0,0.0,0.0,0.0,0.0,0.0,0.0,0.0,0.0,0.0,0.0,0.0,0.0,0.0,0.0,0.0,0.0,0.0,0.0,0.0,0.0,0.0,0.0,0.0,0.0,0.0,0.0,0.0,0.0,0.0,0.0,0.0,0.0,0.0,0.0,0.0,0.0,0.0,0.0,0.0,0.0,0.0,0.011357992685439744,0.0,0.0,0.0,0.0,0.0,0.0,0.0,0.0,0.0,-0.047777679212077706,0.03475677516355016,-0.018441854364073473,0.0,0.007719381351888238,-0.36157934437292727,0.0,0.019437531585705048,0.0,0.0,0.0,0.0,0.0,0.04447085781086629,0.0,0.0
88,0.0,0.0,0.0,0.0,0.0,-0.0603779140225611,0.0,0.0,0.0,0.0,0.0,0.0,0.0,0.0,0.0,0.0,0.0,0.0,0.0,0.0,0.0,0.0,0.0,0.0,0.0,0.0,0.0,0.0,-0.032195932235604824,0.0,0.0,0.0,0.0,0.0,0.0,0.0,0.0,0.0,0.0,0.0,0.0,0.0,0.0,0.0,0.0,0.0,0.0,0.0,0.0,0.0,0.0,0.0,0.0,0.0,0.0,0.0,0.0,0.0,0.0,0.0,0.0,0.0,0.0,-0.007554409094878534,0.0,0.0,0.0,0.0,0.0,0.0,0.0,0.0,0.0,-0.008484520788781619,-0.003321979758888427,0.0,0.0,0.0,-0.2787493752067697,0.0,0.0,0.0,0.0,0.0,0.0,0.0,-0.0026492022258491343,0.0,0.0
89,-0.00866922265963744,-0.00845260564432386,0.0,0.04667562064332571,0.0,0.0,0.0,0.0,0.0,0.0,0.0,0.0,0.0,0.0,0.0,0.006206735901468495,0.0,0.0,0.0,0.0,0.0,0.0,0.0,0.0,0.0,0.0,0.0,0.0,0.0,0.0,0.0,0.0,0.0,0.0,0.0,0.0,0.0,0.0,0.0,0.0,0.0,0.0,0.0,0.0,0.0,0.0,0.0,-0.005062316600948365,0.0,0.0,0.0,0.0,0.0,0.0,0.0,0.0,0.0,0.0,0.0,0.0,0.0,0.0,0.0,0.0031647050962341425,0.0,0.0,0.0,-0.011550956556972622,0.0,0.0,0.0,0.0,0.03118748906967153,-0.07286852655482544,0.05144096952448458,-0.027685746075395413,0.0,-0.032107538854006495,-0.17165037741766362,0.0,0.022811420049039313,0.00704581258336183,0.0,0.0,-0.031120497866313518,-0.035180504150973346,-0.003274194103015965,-0.0023514158804748553,-0.005225517169701349
90,0.0,0.0,0.1822154533829724,0.0,0.0,0.0,0.0,0.0,0.0,0.0,0.0,0.0,0.0,0.0,0.0,0.0,0.0,0.0,0.0,0.0,0.0,0.0,0.0,0.0,0.0,0.0,0.0,0.0,0.0,0.0,0.0,0.0,0.0,0.0,0.0,0.0,0.0,0.0,0.0,0.0,0.0,0.0,0.0,0.0,0.0,0.0,0.0,0.0,0.0,0.0,0.0,0.0,0.0,0.0,0.0,0.0,0.0,0.0,0.0,0.0,0.0,0.0,0.0,0.0,0.0,0.0,0.0,0.0,0.0,0.0,0.0,0.0,0.0,-0.06383908842080323,0.024843835705338643,0.0,0.0,0.01074782816842565,-0.3597617840383154,0.0,0.015330754011777824,0.01165597370272975,0.0,0.0,0.0,0.018807027487874356,0.0,0.0,0.0
91,0.0,0.0,0.0,0.0,0.0,0.0,0.0,0.0,0.0,0.0,0.0,0.0,0.0,0.0,0.0,0.0,0.0,0.0,0.0,0.0,0.0,0.0,0.0,0.0,0.0,0.0,0.0,0.0,0.0,0.0,0.0,0.0,0.0,-0.04034152945156766,0.0,0.0,0.0,0.0,0.0,0.0,0.0,0.0,0.0,0.0,0.0,0.0,0.0,0.0,0.0,0.0,0.0,0.0,0.0,0.0,0.0,0.0,0.0,0.0,0.0,0.0,0.0,0.0,0.0,0.0,0.0,0.0,0.0,0.0,0.0,0.0,0.0,0.0,0.014687092444867905,-0.04260524998603349,0.048453617979045696,0.0,0.0,0.0,-0.392802854946962,0.0,0.023192656539708062,0.0,0.0,0.0,0.0,0.0,0.019752294911429158,-0.010336027490487676,0.0
92,0.0,0.0,0.0,0.10093574971056793,0.0,0.0,0.0,0.0,0.0,0.0,0.0,0.0,0.0,0.0,0.0,0.0,0.0,0.0,0.05644463037738366,0.0,0.0,0.0,0.0,0.0,0.0,0.0,0.0,0.0,0.0,0.0,0.0,0.0,0.0,0.0,0.0,0.0,0.0,0.0,0.0,0.0,0.0,0.0,0.0,0.0,0.0,0.0,0.0,0.0,0.0,0.0,0.0,0.0,0.0,0.0,0.0,-0.01717024255769828,0.0,0.0,0.0,0.006869340342883293,0.0,0.0,0.0,0.0,0.0,0.0,0.0,0.0,0.0,0.0,0.0,0.0,0.017695282198531156,0.01360570252373558,0.0207910272331156,-0.016935346218219308,0.0,-0.004274352569706347,-0.02390220388863748,0.0,0.0016066953849329657,0.006167724322593132,0.0,0.0,-0.012529023769283304,0.007743037420834889,0.03906545031359562,-0.0016190132773815091,-0.007827790880580915
93,0.0,0.0,0.0,0.0,0.0,0.0,0.0,0.0,0.0,0.0,0.0,0.0,0.0,0.0,0.0,0.0,0.0,0.0,0.0,0.0,0.0,0.0,0.0,0.0,0.0,0.0,0.0,0.0,0.0,0.0,0.0,0.0,0.0,0.0,0.0,0.0,0.0,0.0,0.0,0.0,0.0,0.0,0.0,0.0,0.0,-0.00793022268286505,0.0,0.0,0.0,0.0,0.0,0.0,0.0,0.0,0.0,0.0,0.0,0.0,0.0,0.007628056009001481,0.0,0.0071343444885000815,0.0,0.0,0.0,0.0,0.0,0.0,0.0,0.0,0.0,0.0,-0.03040020365505665,0.03393091377389218,-0.01524144392260078,0.0,0.0,0.0,0.2734635738700918,0.0,-0.04920118412578695,0.009821099551254153,0.0,0.0,0.0,0.004851652049379207,-0.053149244064049306,0.0,0.0057593253749064766
94,0.0,0.0,0.0,0.0,0.0,0.0,-0.0038151059234748973,0.0,0.0,0.0,0.0,0.0,0.0,0.0,0.0,0.0,0.0,0.0,0.0,0.0,0.0,0.0,0.0,0.0,0.0,0.0,0.0,0.0,0.0,0.03309617971184347,0.0,0.0,0.0,0.0,0.0,0.0,0.0,0.0,0.0,0.0,0.0,0.0,0.0,0.0,0.0,0.0,0.0,-0.004274850218034488,0.0,0.0,0.0,0.0,0.0,0.0,0.0,0.0,0.0,-0.010600642161774023,0.0,0.0,0.0,0.0,0.0,0.0,0.0,0.0,0.0,0.0,0.0,0.0,0.0,0.0,-0.046066934765116654,0.0154352285469721,-0.03426791263341657,0.018117569148895212,-0.004338007524399097,0.008994583234421379,0.20873462386312555,0.0,-0.037366334404324804,-0.05052008885648209,0.0,0.0,-0.02263529842875076,0.005158958199861844,-0.019315539067947994,-0.014749669892167513,-0.001586758829230643
95,0.0,0.0,0.23449595968882883,0.0,0.0,0.0,0.0,0.0,0.0,0.0,0.06857742492040148,0.0,0.0,0.0,0.0,0.0,0.0,0.0,0.0,0.0,0.0,0.0,0.0,0.0,0.0,0.0,0.0,0.0,0.0,0.0,0.0,0.0,0.0,0.0,0.0,0.0,0.0,0.0,0.0,0.0,0.0,0.0,0.0,0.0,0.0,0.0,0.0,-0.011759321202919115,0.0,0.0,0.0,0.0,0.0,0.0,0.0,0.0,0.0,0.0,-0.024001847197098025,0.0,0.0,0.0,0.0,0.0,0.0,0.0,0.0,0.0,0.0,0.0,0.0,0.0,0.0,0.028729331355000914,0.028737354717264046,0.012367070749251391,-0.010602263974097415,0.006706373854538705,0.06965677942591536,0.0,0.021979135759694263,-0.0058949531126424315,0.0,0.0,-0.023027976928757743,0.02043676641456149,0.0106118361682295,-0.005734092706762284,0.012055755401924384
96,0.013874326769075629,0.0,0.0,0.0,0.01159824274073426,0.0,0.0,0.0,0.0,0.0,0.0,0.0,0.0,0.0,0.0,0.0,0.0,0.0,0.0,0.06703936065582,0.0,0.0,0.0,0.0,0.0,0.0,0.0,0.0,0.0,0.0,0.0,0.0,0.0,0.0,0.0,0.0,0.0,0.0,0.0,0.0,0.0,0.0,0.0,0.0,0.0,0.0,0.0,0.0,0.0,0.0,0.0,0.0,0.0,0.0,0.0,0.0,0.0,0.013236158791239433,0.0,0.0,0.0,0.0,0.0,0.0,0.0,0.0,0.0,0.0,0.0,0.0,0.0,0.0,0.07576838594127085,0.048818903591280716,0.09735629397044107,0.0,0.0,0.0,0.0,0.0,0.04606008879160782,0.0,0.0,0.0,0.006194097872433246,0.0,0.043151642078256225,0.0035691654645073623,0.0
97,-0.014828046975464942,-0.019935320050481875,0.0,0.0,0.0,-0.07497493612684644,0.0,0.0,0.0,0.0,0.0,0.0,0.0,0.0,0.0,0.0,0.0,0.0,0.0,0.0,0.0,0.0,0.0,0.0,0.0,0.0,0.0,0.0,0.0,0.0,0.0,0.0,0.0,0.0,0.0,0.0,0.0,0.0,0.0,0.0,0.0,0.0,0.0,0.0,0.0,0.0,0.0,0.0,0.0,0.0,0.0,0.0,0.0,0.0,0.009487050960741344,0.0,0.0,0.0,0.0,0.005658114084959837,0.0,0.0,0.017211049564818143,0.0039194919495884745,0.0,0.0,0.0,0.0,0.0,0.0,0.0,0.0,0.0183548648230003,0.0,0.04033691063587286,0.016095435208445627,0.0,0.010124292517945221,-0.44010594753135784,0.0,0.02956970478929899,0.0,0.0,0.0,0.0,0.013754877126395948,0.0,0.0037950376067346636,0.01487075474968308
98,0.0,0.0,0.23183155155042967,0.0,0.0,0.0,0.0,0.0,0.0,0.0,0.0,0.0,0.10385284822847762,0.0,0.0,0.0,0.0,0.0,0.0,0.0,0.0,0.0,0.0,0.0,0.0,0.0,0.0,0.0,0.0,0.0,0.0,0.0,0.0,0.0,0.0,0.0,0.0,0.0,0.0,0.0,0.0,0.0,0.0,0.0,0.0,-0.010148623766607245,0.0,0.0,0.0,0.0,0.0,0.0,0.0,0.0,0.0,0.0,0.0,0.0066946567827188,0.0,0.0,0.0,0.0,0.0,0.0,0.0,0.0,0.0,0.0,0.0,0.0,0.0,0.0,-0.028734974353721743,0.06843158506807456,0.0,-0.012171793345538418,0.0,0.004056432368629015,0.15272782333521545,0.0,-0.04876481860055917,0.0,0.0,0.0,0.0,0.017202215379644503,0.0,-0.0075887024491115285,0.009278466469015145
99,0.0,0.0,0.0,0.11167200660038354,0.0,0.0,0.0,0.0,0.0,0.0,0.0,0.0,0.0,0.0,0.0,0.0,0.012328905009724472,0.0,0.0,0.0,0.0,0.0,0.0,0.0,0.0,0.0,0.0,0.0,0.0,0.0,0.0,0.0,0.0,0.0,0.0,0.0,0.0,0.0,0.0,0.0,0.0,0.0,0.0,0.0,0.0,0.0,0.0,0.0,0.0,0.0,0.0,0.0,0.0,0.0,0.0,0.0,0.0,0.0,0.0,0.0,0.0,0.0,0.0,0.0,0.0,0.0,0.0,0.0,0.0,0.0,0.0,0.0,-0.026161117111940857,0.09743176834872724,-0.015158631032536687,-0.0146733525652393,0.0,0.0,0.18673623953422044,0.0,-0.031385761376254345,0.0,0.0,0.0,0.0,0.01292276864881342,0.006634227178440366,0.0063196134323283415,0.0
